Open_time,delta_open_price_ratio,delta_high_price_ratio,delta_low_price_ratio,delta_volume_ratio,delta_quote_asset_volume_ratio,delta_number_of_trades_ratio,delta_taker_buy_base_volume_ratio,delta_taker_buy_quote_volume_ratio,delta_close_price_ratio
1735693200000,0.008817752415149233,-0.0010655022536377548,0.000959898717528733,-0.2241504749863787,-0.22474280246323997,-0.1452232023523122,-0.38867132169298896,-0.3891437717408008,-0.00840455952120911
1735696800000,-0.008404454480576655,-0.0032158046417746773,0.0001687348530013121,-0.528108880745237,-0.5285718650544051,-0.31103411180466084,-0.2799631948118453,-0.28089073992513314,0.005247108839504065
1735700400000,0.005247002010731045,-6.59900332733421e-05,0.001428074452190421,-0.20155841931754925,-0.20120240984294413,-0.3645194088383747,-0.3530073906928674,-0.35271853641195194,-0.002772295662085883
1735704000000,-0.0027721896855329936,-0.002772295662085883,-0.002434912345502786,0.2646059590479373,0.26176038099535737,0.10273992171652238,0.1089386047861348,0.10675862214434828,-0.0030278765413257794
1735707600000,-0.0030278765413257794,0.0010566077467092103,0.0005069518716576917,-0.2515114998943175,-0.2508977115688158,-0.12327382957224654,-0.07344629454631389,-0.07295378472263545,0.002545163531914386
1735711200000,0.002545163531914386,-0.001545394321460949,0.00022427133196658035,0.3016504493272283,0.30048686253106927,-0.11149856674251603,0.34643792011860586,0.3452109651485223,-0.00036719541811768556
1735714800000,-0.00036730203699629336,8.508186517356088e-05,0.0010227814139776394,-0.2730435598908558,-0.27258636351035626,-0.23864165502561033,-0.5757259714453331,-0.5754187689979944,-0.0007837233000254052
1735718400000,-0.0007835100675071505,-0.0004688699360340717,-0.0038443766276250375,1.433691626799117,1.428626711832508,1.2482198243851295,1.303446752318707,1.298498858076554,-0.0027287447923393555
1735722000000,-0.0027287445010685312,-0.002876935262397129,-0.004458544113864357,0.6576256716854291,0.651531980961936,0.8163959272501166,1.4950982293824995,1.4870466423589086,-0.0001648320008700639
1735725600000,-0.00016483198322732009,0.0005397582896915302,0.004263198690896563,-0.6674355980949376,-0.6666161308728644,-0.47246975256474716,-0.7061857276822204,-0.7055860699101785,-0.0009295274129763199
1735729200000,-0.0009295273134691081,0.0017996135208888672,-0.0009004759658676729,0.2115229669587777,0.2119290169337537,0.17904000973374162,0.5725266313144499,0.5732043932991953,0.0012687751342790072
1735732800000,0.001268774998328326,0.0028485115214671205,0.0022217811158799033,0.5521342710987507,0.5567083279701148,0.013518626810223247,0.8316608624259596,0.8369415322309305,0.004025056974910442
1735736400000,0.004024842513723427,0.0009235729791852211,0.002068472975332508,-0.3183945293712525,-0.31772709282338185,0.09419970133043715,-0.42329271391643425,-0.42260911999381523,0.0022489692046834837
1735740000000,0.0022491826168518593,0.004168244137523056,0.0007606814851408253,1.2091268676666531,1.216406897830652,0.9274802648924456,1.0913819835549645,1.0979928974808266,0.0015327799883784444
1735743600000,0.001532673478336049,0.0005203764709369389,0.0024395899370865505,-0.35353179396647966,-0.35290839007098057,-0.3764986080043771,-0.4314841071514888,-0.43094341997520824,0.0027294671704191265
1735747200000,0.0027294671704191265,-8.465608465608466e-05,0.00023429179978700745,0.1937728863501869,0.19346681469185517,0.1294618660472319,0.22341839390487742,0.22309877302864548,-0.003626382912572637
1735750800000,-0.003626277017320464,-0.0032049274012614453,-0.001714933668363184,-0.476336982552927,-0.4775923075306237,-0.2982450126825255,-0.47422981642192485,-0.47553115226481063,0.0005671136370955298
1735754400000,0.0005669010155116245,0.002030806942115195,0.0018718884294344066,-0.03975292557178203,-0.03716616701138335,-0.12019082043016005,0.07110744707100687,0.07406394410023373,0.0020841510093329713
1735758000000,0.002084257451151357,0.004697053753934583,0.002255780610804435,0.8682164477391161,0.873387629997893,0.5730332920036272,0.6666034386831483,0.6714021505438529,0.003042291895934869
1735761600000,0.0030423978954434,0.0003053032599954873,0.004583086648155509,-0.22141586500767205,-0.2192650027432188,-0.30306345733041573,-0.2879368413063033,-0.286059047381455,0.0016819711315164776
1735765200000,0.0016818652757751183,0.0031464576126983956,0.0011423154387145082,0.500411239044817,0.5027375920992567,0.43929035634104757,0.8913745617547163,0.8942912397537641,0.0020282481959668615
1735768800000,0.0020282481959668615,-0.0016166909175557753,-2.175569056519776e-05,-0.35652232820647917,-0.35695159823029043,-0.41952735589045914,-0.4861858723935469,-0.48658068997061216,-0.0018477869934326176
1735772400000,-0.0018476817064243469,-0.0004740133721668504,-0.0015188125865955805,0.06621654540226833,0.06486954526167378,0.3750959712288358,0.07465434408403511,0.07327007737849718,-0.002227672590038861
1735776000000,-0.0022278833188700735,0.004522376448214188,-0.001586596433331218,1.704839835330032,1.7122151118021816,1.6277494526807623,1.8934753100492314,1.902050715318074,0.0056749111101502886
1735779600000,0.005675017427518519,0.0014080269066288702,0.0032597042122213993,-0.032493377515694304,-0.03056998091299194,-0.3097147202558683,0.12495770235266031,0.12723755567958542,-0.002794848530814925
1735783200000,-0.0027947434099464797,-0.002948511244189504,0.0010912390526304416,-0.6014837486402104,-0.6019748619792447,-0.418429835077601,-0.6604857393377348,-0.6609925406097563,0.0039176612266652215
1735786800000,0.003917660813683091,0.0006811616436377949,0.0011678951611567812,-0.3629192143092285,-0.3627599639743056,-0.3375536241573347,-0.359722551929654,-0.3595534161173087,-0.0023524072614127802
1735790400000,-0.0023524070144003563,0.007353259060617847,0.0007489957988173105,2.1886471838483623,2.2062308926399585,1.3254136792750362,2.726974396400885,2.7479731338000497,0.007343833033734387
1735794000000,0.007343727009081438,-0.0020833333333333333,0.004320373651205918,-0.24146212871839876,-0.2412143161539476,-0.28369153428150345,-0.3049740001829196,-0.30485727580935457,-0.0011659413882237
1735797600000,-0.0011659413882237,-0.0010750521920668606,-0.00015902265952360506,-0.26298955127449447,-0.26400526811386754,-0.2521616197316436,-0.18630428866568266,-0.18742158102528977,-0.00022479907209962843
1735801200000,-0.00022469446573760799,0.0019121809552879996,0.0013137968908380855,-0.12530248263601834,-0.12272667338629094,-0.09759308645309388,-0.16570685910782298,-0.16324183577150247,0.002584462734445431
1735804800000,0.0025844624640334267,0.003457863996662428,0.0014103921926886512,0.8663497042039382,0.8702164570116973,0.5862636540475834,0.7990491752829194,0.802727448298451,0.003423013504205715
1735808400000,0.0034229087868226232,0.006114858986770267,0.004148994066816126,0.15538543103573488,0.1605302975027408,0.27532779926422035,0.04475424371597721,0.049746602703916024,0.006297555902236035
1735812000000,0.006297555902236035,8.791335028784919e-05,0.005226222514980222,-0.15294523928724468,-0.15043800051281875,-0.21696037278795835,-0.15973403825311794,-0.1574240046088627,-0.000491031466838372
1735815600000,-0.000491031466838372,0.0007025218997077352,-0.0007179498972277943,-0.35450164273983453,-0.3545414207863921,-0.23996363292873,-0.38267522210000743,-0.3827175392380208,0.0002584067502172027
1735819200000,0.0002585101542788601,0.00019220371363995375,0.0014508218455871096,0.26916080151894917,0.27039231006413744,0.1750998151284003,0.2318738682977133,0.23308275599833875,0.0012097217298874924
1735822800000,0.001209618227492115,0.0009603178698591559,-0.0017950630487171774,0.3336301025933511,0.3328083093815425,0.26618191433104177,0.2947129224200284,0.294133423430202,-0.004045843671053793
1735826400000,-0.004045843671053793,0.004669235024314857,-0.005302998880086215,2.3291149698939244,2.3311613000328752,2.6801950424958756,2.983217115467923,2.985605811653426,0.008276333668781059
1735830000000,0.00827622999689915,-0.0012084246750158633,0.0025038415588909727,-0.33256494413350235,-0.3332270816824183,-0.051315442296725654,-0.4148342970924579,-0.4156387390220896,-0.008240889631118811
1735833600000,-0.008240787657542215,0.003358296216440121,-0.001297148498649976,-0.14051345085590922,-0.1369637348119463,-0.048471798552545006,0.00795944355849732,0.011965527389923984,0.00803203483157599
1735837200000,0.008032138506854183,-0.0005955965181771991,0.0029716772296222364,-0.2621822091315635,-0.2635814184778209,0.059087537558301796,-0.38078286527076793,-0.3819035385164655,-0.004856230202816527
1735840800000,-0.004856332552536574,-0.002478076035865258,0.0007740426620423189,-0.34009075961234575,-0.33994294153791316,-0.1151015514642166,-0.17585791346264198,-0.1753599560877045,0.0058100880375561124
1735844400000,0.0058100880375561124,0.004386235233692861,0.008298755186721992,-0.14941571935669826,-0.14440960200319264,-0.3001683512975123,-0.2818573747922613,-0.2776649575625686,-2.0550815281668444e-05
1735848000000,-2.0550815281668444e-05,0.0006392096300766028,0.00102880658436214,0.006210932341129454,0.007320404006284579,0.04891700210849147,0.046809964014862676,0.04789292575565985,-0.00011590898021263991
1735851600000,-0.00011590898021263991,-0.004944117662089401,-0.0026705035971222664,-0.45169503432442076,-0.45383795454858306,-0.6293995102518183,-0.4837941886501825,-0.4858176016616834,-0.0009637592406507582
1735855200000,-0.0009636564725507851,-0.0014696612229557812,-0.003848921930878927,0.06249859348258327,0.05949989998046403,0.1881163708086785,0.05503882021609256,0.05184927283139343,-0.003102887401108574
1735858800000,-0.00310298994915179,-0.0013877817803416765,0.0009466552377003069,0.05492948437096897,0.05469284625375785,-0.10551981738949989,-0.0041695237249861124,-0.004012747102377895,0.0007610072082602767
1735862400000,0.0007610072082602767,3.275723857722712e-05,0.00039676236125589623,-0.2869603979172281,-0.28667157356686357,-0.062069365502841894,-0.23014937825298157,-0.2299039096330502,-0.0016391230006270738
1735866000000,-0.001639019891675714,-0.0008339431336485177,-0.0015141033937569443,0.08682084201018182,0.08534851963469363,0.2149420596346727,0.10508070174380876,0.10345256806981376,0.0016488370560661832
1735869600000,0.001648733607550789,0.0035303092783505394,0.002141541645111184,0.1351824286040676,0.13898295225566956,-0.029000702368713036,0.1684403159419134,0.1724145454090925,-0.00019198752142970843
1735873200000,-0.00019198752142970843,-0.0025839705682331247,-0.00023736028110716117,-0.3419381758052335,-0.34299692781813346,-0.47900199182304226,-0.2636123890577617,-0.2648174224528465,0.0009843570251070039
1735876800000,0.0009843570251070039,-0.00025470973544290063,-0.0006968627441666968,0.038212944556620325,0.037414357608078375,0.03249627751619783,-0.1221283830521137,-0.12281771868363403,-0.002564229366087548
1735880400000,-0.002563405153185095,-0.002119172712885138,-0.0018211879295842739,0.19185285987273443,0.18956838488905836,0.12139223978329078,0.2382414687520674,0.23592411497708518,-0.0004965221243628025
1735884000000,-0.0004972447538044483,0.0005996253580407793,-0.0008104335135999071,0.20836323806383752,0.20813766253799273,-0.08207917694901115,0.321591704667013,0.3213607238737183,-0.0023339968629262427
1735887600000,-0.002334099964501762,-0.0028140120942778753,-0.0023971112400531106,0.43008768009780685,0.426132616482782,0.4338022302580511,0.16185208019065614,0.15875848510771148,-0.0024393126584779474
1735891200000,-0.0024393126584779474,-0.0012001552472569715,-0.0018761817665335604,-0.006359984119788437,-0.007792782282080865,-0.25368404373316433,0.15233017475771077,0.15071428015179464,-0.0018070900481807488
1735894800000,-0.0018070900481807488,0.0017884625106599102,8.147761899298186e-05,-0.028333840733271998,-0.026576578197886083,0.25449398443029014,0.216386216596417,0.2182452860621874,0.004414336132633827
1735898400000,0.004414336132633827,-0.0006460020466900246,0.0030692605306706557,-0.32693152215405136,-0.3267121472696531,-0.269138553537177,-0.5173084731539284,-0.5171017593019583,-0.0006813781092343475
1735902000000,-0.0006813781092343475,0.0019659559223969996,0.000826635569374296,0.2618021739129823,0.2645734755960161,0.3009011790586828,0.6534549457530094,0.6571612385603512,0.0027884143327709826
1735905600000,0.002788310693509458,0.0009435092430032075,0.001908636083368983,-0.1356615393041643,-0.13494181456045853,-0.013483846085382858,-0.3089037569257469,-0.3083761410198636,-0.0009396679826014484
1735909200000,-0.0009395647286305711,-0.0008424355580647463,-0.0020092760006398323,0.6275345062108082,0.6244684095094478,0.8539357943011804,0.5336205544914288,0.5308818625627353,-0.0016745173568633682
1735912800000,-0.0016744139085802755,0.005191362097222265,0.0003354326204906478,1.204474504296289,1.2126821087976332,1.3939300545029847,1.6358767715345277,1.6456845985635027,0.005297353633949167
1735916400000,0.005297145841450343,0.0032622975138079306,0.00263541322663882,0.14167421393874655,0.14506647811121615,0.21415697142586104,0.05078749840498029,0.053926845200855965,0.005208830996038809
1735920000000,0.005209037684505655,0.008032152365349153,0.006691048864437774,0.19672025523733572,0.20592009145075277,-0.10118507811693403,0.3954926841066803,0.4060087790328095,0.0035566570807314627
1735923600000,0.0035566567160261694,-0.0014694586041545422,0.004425678193681976,-0.5790804070611623,-0.5787516216011932,-0.39177178053528133,-0.6499978005074376,-0.6497028600537073,0.001612372558195644
1735927200000,0.0016121680369958623,0.004049857293649607,0.0016595863984031026,0.017421033766879652,0.020678190144453514,-0.15491764369605496,0.12190524459885659,0.12548549832252817,0.005120886295472588
1735930800000,0.005120886817873463,0.0028273156074508903,0.005015612244897947,0.31559761991017105,0.3202216785717734,0.08920309725426719,0.16673370338947702,0.17095145028050374,0.0006498661598461558
1735934400000,0.0006500692138486454,-0.0023127616329910025,-0.0019446342238769044,-0.2095027283081424,-0.21149295241085173,-0.28061663016053456,-0.27417467171729526,-0.2760519800905287,-0.002844956705923641
1735938000000,-0.002845159273539677,-0.0033302952971199476,-0.0010482197355034953,-0.40037989542310604,-0.4016580615098353,-0.3740152624682032,-0.3393308689737192,-0.34066794147742624,-0.0003948672546208927
1735941600000,-0.00039476557729606305,0.0009530666494342758,0.0005401389207974829,-0.3741412581649542,-0.37351738810882934,-0.24633969141351328,-0.44073258004501276,-0.4402446127440123,0.00024086038136734062
1735945200000,0.00024086038136734062,-0.0013272368076721697,-0.0018525190839694123,-0.010348562883823414,-0.01203696848746353,0.03759558198810535,0.006721361019065189,0.0050046561694531205,-0.0012430774401944074
1735948800000,-0.0012431791733509294,-0.0009573887306229138,-0.0018435169314677312,0.48011153231980414,0.478028000023711,0.03188725297220691,0.30137597097136326,0.2996055955430492,-0.0022833906022948014
1735952400000,-0.0022832889750939935,-0.001963006674263413,-0.0008908212718312209,-0.37202439222965333,-0.37280936924995056,-0.009232412635434152,-0.06855186183675001,-0.06967915188500538,0.0009187339541875007
1735956000000,0.0009187339541875007,0.002233445802469528,0.000495705521472351,0.26293516172056847,0.26423006363001145,0.04089333846746246,0.3944695279093448,0.3959332276491801,0.0026979804161566174
1735959600000,0.0026979804161566174,-9.80530269549136e-05,0.0020898638384572272,-0.25538811734013184,-0.25441785463775857,-0.37848475880438,-0.4024046194586333,-0.40173241255707964,-0.001063125181133549
1735963200000,-0.0010630234564009322,-0.0010630234564009322,-0.0019387480052874056,0.10852682220041987,0.10610491204854519,0.24855959240036188,0.1171766291025496,0.11474766098386725,-0.0020264765784114053
1735966800000,-0.0020265782050327163,-3.564154423202198e-05,0.00128639186649645,-0.1790534548209707,-0.1778239385856643,-0.23862552915601998,-0.05141054352316611,-0.04998860483489812,0.0012776400240814524
1735970400000,0.0012776400240814524,0.0001343224927240523,0.0005219986455590287,-0.15223143552667276,-0.15241400508045388,0.019585253456221197,-0.26630905041488523,-0.2664115459284766,1.3553972990368162e-05
1735974000000,1.3452063419064416e-05,0.0014289830841556028,0.0005636480082447521,1.1444609367781884,1.1477380699194675,0.23461066077130927,1.516501503442195,1.5201929814347805,0.0014709428158497712
1735977600000,0.0014709429657507583,-0.0004455514202128686,-0.0019359770720617894,-0.3317897332581,-0.3324693305300868,-0.06951712063030978,-0.4443496638875701,-0.44473058915721486,-0.0037224280231537
1735981200000,-0.0037222248849034176,-0.0033184065057124683,-0.0038065370542909854,1.2121998007216779,1.2039081528334281,0.7747557038082409,1.1941710194956952,1.1850245193802509,-0.0022031320427835744
1735984800000,-0.0022032339564611965,-0.0012288222086139435,0.000691256193571402,-0.5077556057199295,-0.5079633255054573,-0.23233734939759035,-0.4664430083788425,-0.46662772571322325,0.0010128941061438466
1735988400000,0.0010128941061438466,0.0006485822545769772,0.0011428278688523934,-0.15596209813792927,-0.1553766987373131,-0.32867725532048464,-0.06207470482106837,-0.061314642292063196,0.0010233223832622257
1735992000000,0.001023424643918039,0.0009589160143773492,0.000905317836562666,0.20667656523110256,0.20784544766468283,0.5727077196427737,0.0034980796305696814,0.0044040612361551665,-1.2973826887715559e-05
1735995600000,-1.3075981669096305e-05,0.0005253171976240975,-0.0005112474437627812,0.37531109251236616,0.3752201306770671,0.125715389989743,0.5476972021915669,0.5476750023446849,0.0008676231599912999
1735999200000,0.0008676231599912999,0.00011920244286478829,0.0008018414322251116,-0.288771122762508,-0.2881598177971443,-0.07096450454257341,-0.3727940846098406,-0.3723369346130142,0.00063272501978851
1736002800000,0.0006328270886738751,0.0007327680473572879,-0.0032055115294765285,1.2394993528443283,1.2343752709159235,1.3284532507035847,0.9412324257238477,0.9371561999778558,-0.003846583833698556
1736006400000,-0.0038465834413304815,-0.002825616833968481,0.000360970884519278,-0.22047805981220123,-0.2211746751119572,-0.4062851003564975,-0.22549892221593715,-0.22608775639322884,0.00047779013155513513
1736010000000,0.00047768768441287915,0.0017911680528611919,0.0014124040402259275,-0.5627912734096548,-0.5619136548550797,-0.4302179724449928,-0.42457700417578986,-0.4234905234525084,0.003189819107800338
1736013600000,0.003189819107800338,0.0009091280886413085,0.0022733654376592047,-0.0565887728649033,-0.05490091246155972,-0.07268527708104011,-0.15226168768311235,-0.15080259085601833,-0.0005580706711314744
1736017200000,-0.0005580706711314744,0.0021486842200455145,0.00021836413803095505,0.39315617615309656,0.39514515987245413,0.28531397769950767,0.4582505010597522,0.46028025449022575,0.002089595143237787
1736020800000,0.002089595143237787,0.003264056939501821,0.002399847321431622,0.3365180484437141,0.34046512029079656,0.18823333484731494,0.44860073394183997,0.45276770800485366,0.004408439315096748
1736024400000,0.004408439315096748,0.0010885668355307256,0.0018107037805763183,0.21435884009754885,0.21542050126331816,0.08629784414657765,0.19890542614963624,0.20014721313537268,-0.002399516749760911
1736028000000,-0.002399516749760911,-0.0029721063596575407,-0.0007940494590416955,-0.4598797783420172,-0.46092116797515165,-0.5246959193966478,-0.7285000361589128,-0.729030921151542,0.0005573266134235093
1736031600000,0.0005573266134235093,-0.0006672092205045386,-0.0012487545273839767,-0.12383612338335631,-0.12464988666061627,0.2041803420279841,0.5635267934963981,0.561822120008775,-0.001999141410677498
1736035200000,-0.001999039802473705,-0.00027992522592661253,0.00011187733841973694,0.0023728365643910366,0.002336544677529073,0.19915158718773696,-0.14640631138279708,-0.14631991884804949,-7.198090011766367e-05
1736038800000,-7.19808927890156e-05,-0.0007037186816473917,-0.001061391374264377,-0.06709434354404241,-0.06797929474549348,-0.2353584550969837,0.07286515100099179,0.0718452374066236,-0.000915353429770187
1736042400000,-0.0009154551556284302,-0.0009647857277618017,0.0005651198368179857,-0.20991389245317513,-0.20994334205129633,-0.2172853854234182,-0.2754423709136315,-0.2755294373924176,0.001059378927765818
1736046000000,0.0010594808401206766,0.0,-0.0003711314187464635,-0.19355690155515615,-0.19368196604346732,-0.010022557893835127,-0.1424104953940277,-0.14251275867916563,-0.00040233140461294056
1736049600000,-0.00040233136365394324,0.0030059813194859147,0.0012130234834657884,0.5780238068868386,0.5814842169010874,0.3884338044418806,0.9424169085636592,0.9466412534174999,0.0017262809004281174
1736053200000,0.001726178879143802,-0.00023101261069010615,0.0007823769838989672,-0.10897151587193607,-0.10899251425802889,-0.29638323950391593,-0.2639851026314083,-0.2639724484441951,1.545383542833988e-05
1736056800000,1.545383542833988e-05,0.0,0.000407470509779884,-0.2964433855107816,-0.2962647967935368,-0.18553291998819013,-0.21176031964172695,-0.21163584729283758,0.0009403310201061991
1736060400000,0.0009404326885049032,-0.0003569543147208476,-0.00036671650484689265,-0.20920618963941895,-0.20929491695353525,-0.17099253244399332,-0.3226706656585419,-0.3226733121697254,-0.0018557366385692066
1736064000000,-0.0018558380229529495,-0.0019911676086610984,-0.004996500922928007,3.325348577135531,3.305888897337054,3.105820105820106,2.900231397086411,2.8820908773568066,-0.004149131000622176
1736067600000,-0.004149131000622176,-0.003314989765823843,-0.001430181931946403,-0.33338037551542354,-0.3342637820238782,-0.42008179262162393,-0.2592931599906018,-0.26005940326296006,-0.0021340463988528684
1736071200000,-0.002133944213141279,-0.0016983343989189945,-0.00038847607686882566,-0.027393341049916163,-0.028599377788187386,-0.02290090354807904,0.08782521672596817,0.08635475076950953,0.0008733034176393245
1736074800000,0.000873200923972837,0.0004651415859079126,0.0001550204918033264,-0.4372423488041946,-0.43713569600945024,-0.14382106944836012,-0.41187178239852285,-0.411704925397466,-0.0009806882682057208
1736078400000,-0.0009807905831007776,0.0013749440821997797,-0.0004721604120182092,0.6949397033628999,0.6959325910303065,0.7609817136083243,0.7711863087495776,0.7720089734818523,0.001314808038333548
1736082000000,0.001314910588333125,0.0006359955515020919,0.0011390908427509323,-0.10911459556111898,-0.10828353756895875,-0.25969233837792016,-0.21051475087497246,-0.20972146998750157,-0.0008187582265767218
1736085600000,-0.0008187582265767218,-0.0005292853545885883,-0.004129701644693933,1.7546639448890393,1.7455817197845345,1.6635570673222646,1.528947763549843,1.5210043144677934,0.0016900406142042771
1736089200000,0.0016900406142042771,0.0032134263877212394,0.0043742191739674936,-0.3662200466578152,-0.36305816514990413,-0.18945112468231992,-0.21396642064606,-0.21013995315845915,0.0017773225012584761
1736092800000,0.0017773225012584761,0.0005153543547035388,0.0024105880823686245,-0.07652291281117476,-0.07529894216573493,-0.1735342521312524,-0.3333778798503428,-0.3327733461091283,6.314459254806414e-05
1736096400000,6.314459254806414e-05,-0.00257900385772595,-0.002698140514052692,-0.21098872785319175,-0.2129896877242599,-0.2730695909854476,-0.32674146375597446,-0.3283546875887665,-0.0031018460007770326
1736100000000,-0.0031017439965677802,-0.0015391683474556964,-0.0009839918823485265,-0.1599461456057738,-0.16144353757963364,0.060420372077323536,0.20777968324289964,0.20581756608983678,0.0019219065214464196
1736103600000,0.0019218040032092857,0.001848501316988302,0.002844201929420983,0.01847556806751811,0.02152354019321583,-0.21803112106854716,0.23127027217719595,0.2349096693932258,0.0016413581401181973
1736107200000,0.0016414602654379622,0.005799671793617303,0.0017271474862957398,1.2175215973676847,1.2265749821076082,1.1293837675350702,1.0109150710026706,1.0189904752402583,0.001999191881127628
1736110800000,0.001999089719334278,-0.0015762378645695454,0.00196462090916512,-0.5182922206330888,-0.5184687390689607,-0.5061614022704547,-0.5802609360016625,-0.5803999432491257,0.0022468420731836755
1736114400000,0.0022468420731836755,0.00226334178013816,0.0012973369669357073,0.24427412005381113,0.2469713512440293,-0.09078998302712682,0.36533661684389374,0.368227674724613,0.0020172286289911797
1736118000000,0.0020172286289911797,0.00092561226871728,-0.00021638330757340393,0.15159427023601033,0.1515462322725454,0.8750409379707866,0.16527756207665434,0.16553032231216513,-0.003359838841216365
1736121600000,-0.003359838841216365,-0.0006411576249142894,-0.0013422126645804872,0.052269020355501475,0.05084303377201802,0.24866163049648488,0.0023834483166880827,0.0009172373241636409,-0.0014881519700222943
1736125200000,-0.0014881519700222943,0.00043331469135240465,-0.0027573880431710726,0.14800375088028228,0.14642688642523732,0.08690148134678062,0.14541907846693694,0.1441379913928834,0.0055204163261374515
1736128800000,0.005520314511007919,0.005229097877394303,0.007454758986928116,1.8436387030713741,1.8634924755349505,0.866154450042792,2.372567629103858,2.3955984541323776,0.0005666294347791032
1736132400000,0.0005667307483174888,-0.0009766140154832206,0.0011107960803232047,-0.6763432985137545,-0.676226520206558,-0.6332144852175472,-0.7231069143498632,-0.7230642150082641,0.0022484351880816093
1736136000000,0.0022484351880816093,0.002669293670572535,0.002815120157999951,0.23614291734214182,0.23958895156660676,0.06912663344928081,0.4160582732582707,0.4201477527937516,0.004326842833482177
1736139600000,0.004326842833482177,0.003930819506319897,0.0036595203214294636,0.4552603490034029,0.4605263800299813,0.06581782049365564,0.4375149055370724,0.44272910937663723,0.0013462879660797312
1736143200000,0.0013462879660797312,-0.0012814840027228884,-0.0001779678068410697,-0.14427687082511945,-0.14512818973533925,-0.17713352253976636,-0.2639227750619029,-0.2645853133431486,-0.0008814257028111807
1736146800000,-0.0008814257028111807,-0.0023467385376227425,-0.0022254463596187114,-0.308456001325522,-0.30997893417989947,-0.010607792416130262,-0.4109229111491825,-0.41238844018604387,-0.001944585493579223
1736150400000,-0.001944585493579223,0.0009627260640449644,-0.0016250317412647678,0.21305222307477786,0.21185207041668494,0.0930685042561816,-0.06847426412695833,-0.06905996541047994,-0.002770978677731302
1736154000000,-0.002770978677731302,-0.003771015287321998,-0.0005812121212120566,-0.3365420826417171,-0.3375887616375807,-0.31663947192761255,-0.13568749441285805,-0.13722008769027857,-0.0004392010014994423
1736157600000,-0.00043910003575202406,-0.0019350125944584675,-0.0023567232914969726,0.17540840272843136,0.17277505196342943,0.10272690272690273,0.3130299008341156,0.30996728309105287,-0.0023437376104785347
1736161200000,-0.002343838383838319,0.0035563021443508454,2.7555666498642927e-05,0.27003102893245295,0.2731402331433825,0.4016510420511306,0.3316873546729264,0.334907247898234,0.004981676243996523
1736164800000,0.004981676243996523,0.003046970115651163,0.00436046276035328,-0.06546754203957295,-0.06246676388485521,0.21489699725267492,-0.12315639916185164,-0.12017538070573933,-0.001036369235983299
1736168400000,-0.001036369235983299,-0.0013767494812368124,-0.0023462204829958885,0.011344559875589012,0.00887440780862691,0.2118385689102101,0.06046810349047337,0.057863801929806245,0.0033824096544958085
1736172000000,0.0033823088044510033,0.017267038142280384,-0.002000610252854617,4.525584160810683,4.571923191466926,2.070492985876363,5.132601105250895,5.1862025402882646,0.012508680301662951
1736175600000,0.012508782069000164,0.011586823979766889,0.017931468067591445,0.050771169695866536,0.06656027726821101,-0.14826328144568302,0.059243452802944005,0.07476957411494697,0.014005971786144562
1736179200000,0.014005971786144562,0.00010813034820706363,0.012316635050718951,-0.41456805455065476,-0.410925266849907,-0.4499229478598654,-0.49447040274853116,-0.49130200385987666,0.00010494581633798001
1736182800000,0.00010494581633798001,-0.003135441061670638,-0.004616514871914019,-0.292944124053962,-0.29579151098577167,-0.1329926771350068,-0.2968370931144997,-0.2997015753933219,-0.003198162231360306
1736186400000,-0.003198162231360306,-0.0010284980189641491,0.0032406913580246455,-0.4500481667693252,-0.44934898528670486,-0.27269989675347023,-0.44937024478931986,-0.4486690086947304,-0.0009147423770240497
1736190000000,-0.0009146441760174426,-0.0002117514510265789,0.0006052484531118559,-0.24346649477122048,-0.24357443906643997,-0.2759912458841854,-0.24376981096748776,-0.24391531130882738,0.0007707973752393212
1736193600000,0.000770699008569134,0.002807942606241179,0.0015781250614917235,1.3108202200405101,1.3153747753737182,0.35473797917631145,1.4432774200415053,1.4477743280937143,0.003046243061831815
1736197200000,0.003041528731583842,0.00011219867374908669,-0.001964145383104097,-0.3073928398846952,-0.30767751394083637,-0.3523203923828413,-0.37042223762984927,-0.37063075628362174,-0.005047226316782105
1736200800000,-0.005042550003965615,-0.0024025217243274287,9.842514836125877e-08,-0.6385286882896906,-0.6391256386960869,-0.4282078604607856,-0.6119883278282651,-0.6126232293988685,0.003937136509181183
1736204400000,0.003937136509181183,0.0015227636264324052,0.002921356542505956,0.19364320431980106,0.19628380450491853,0.35659489777456127,0.4399566516686807,0.44320580401018517,0.0021920954774136323
1736208000000,0.0021920954774136323,0.004741803516798513,0.0005214095388798955,1.2492386224227967,1.2534860079785857,0.8008509049200443,1.3702994658410441,1.3753001850841853,-0.0018891658091701854
1736211600000,-0.0018890679958840624,-0.006351754082137176,-0.0025998038254046387,-0.4305155749338021,-0.43276303057069565,-0.37181727963503325,-0.561044236436416,-0.5628907064346801,-0.001242619983877328
1736215200000,-0.0012427178605143297,-0.0005184580673035209,-0.0003272854045755919,-0.297142969421297,-0.29727935988465004,-0.24670777283927328,-0.28552789734289113,-0.2856875534155082,-0.0023352642763634166
1736218800000,-0.0023352642763634166,-0.0019681631790476007,-0.001365053815643115,0.08644106272528462,0.0846432830002342,-0.039940527427811255,0.046313607036329904,0.04449543724510695,0.00029918076399474823
1736222400000,0.00029927911401573376,0.0010565892008098136,0.0015180335190863041,-0.32188702217151344,-0.32107251793138386,-0.23459889473941606,-0.41575971567629183,-0.41497654279356416,-0.00040370440578563346
1736226000000,-0.0004038026866888606,-0.0013706052944215882,-0.0008283906451070133,0.18155935623008204,0.1803853747126636,-0.07147725336513887,0.2923390349919896,0.2910246240589061,0.0007519645997295591
1736229600000,0.0007519645997295591,0.0010649787343198747,0.0006474521914588493,-0.016353224520664775,-0.01553541578956858,-0.023671896504266446,0.028174880995531556,0.0290105417854096,0.0007573950446156168
1736233200000,0.0007573950446156168,0.001182988635202613,-7.95879449742968e-05,0.5656977504493866,0.5655516832135735,0.1660558218212574,0.2561225782532,0.25636200887302935,-0.0015293575863335339
1736236800000,-0.0015293575863335339,-0.00018987401951923882,-0.0002206798138576845,-0.13392727069784638,-0.1338681777283358,0.19872259832366215,0.24762416746394494,0.24734359136857986,0.0023633546356896166
1736240400000,0.0023633546356896166,-0.0007993478936942681,0.00013796762858252407,0.07633742410974514,0.07580065192816585,0.11375745860996722,-0.15484883961872745,-0.15522895447892265,-0.0017848962976134205
1736244000000,-0.0017849944281483193,-0.0018733421701862308,-0.0024855345842640657,0.46077688025921054,0.45751251535196247,0.22606884686778445,0.277547073692206,0.2744963149445406,-0.0031105001720846885
1736247600000,-0.0031104021718549716,-0.0026561298362743277,-0.008946586315076674,1.1950725755192888,1.1825939168215687,1.4035424590426253,1.3604517426553737,1.3471424955749185,-0.005679304677655659
1736251200000,-0.005679304677655659,-0.004889061930154799,0.0015524653773247884,-0.5388852111923859,-0.5394629298312626,-0.34408079028632005,-0.5061599977009442,-0.5067845021186942,-0.0007931103632360288
1736254800000,-0.0007932095392223762,3.040898901594068e-05,-0.000127200633061535,0.026136780901638148,0.025725854168630345,-0.19762339751096952,0.3786373406413734,0.3782995088490502,-0.0011323969445827873
1736258400000,-0.0011322978022623895,-0.000962261710224758,-0.00878223393323686,2.3475836429478063,2.3347705189681327,2.176393889267296,1.8524693163076402,1.8419875198444515,-0.006529520016534712
1736262000000,-0.006529520016534712,-0.007137608859391408,-0.025854289495848875,2.489753780455814,2.4234670595962235,1.3764145105655592,2.326477064731608,2.261631961378375,-0.020278418546806933
1736265600000,-0.020278418546806933,-0.01792616737327303,0.004455938283232241,-0.7235679300730883,-0.725105860672641,-0.42966308820344645,-0.70962356884845,-0.7111372432062587,-0.0022325161257125974
1736269200000,-0.0022325161257125974,-0.005508816108869113,-0.01034375585698873,-0.007440770876008713,-0.014597549689922681,-0.008437302233071152,-0.0647799662168367,-0.07161857519859971,-0.004668507998990767
1736272800000,-0.004668405680012895,-0.002703616535708412,0.00023815194093831864,-0.34959301980338214,-0.35067043338313125,-0.19159940461401345,-0.3103816521268759,-0.31145998580595574,-0.005411847839953604
1736276400000,-0.00541195008250645,-0.003501992995809081,-0.002860559006211198,-0.04453984653240085,-0.04798550285656389,-0.21622383695520384,0.016289625914393646,0.012699944447295337,-0.0030891715071060316
1736280000000,-0.0030890681488515486,-0.003389814466068375,-0.0014727428886378664,0.2283292536348748,0.22499389416961002,0.05606420906078779,0.2529656511498785,0.2493972901876036,0.0008436322406238824
1736283600000,0.0008434247961083153,0.0023089583910564145,0.0022685162610269274,-0.36173083359177843,-0.35978843894620066,-0.4972287609308093,-0.3560814224899246,-0.35403472598512864,-0.0003328383403249204
1736287200000,-0.00033263119249785187,0.0013035795447697996,0.00012448132780082987,-0.39006871104135565,-0.3890519140145326,-0.1162281741864231,-0.38832077302145723,-0.3873821491657779,0.0068680996986359225
1736290800000,0.006867891735680564,-0.0005257107638327512,0.004032693025764458,0.1439691718066062,0.144922346731188,0.012603978993368344,0.1407888883129571,0.1417340720265284,-0.002155016261166681
1736294400000,-0.002155016482958341,0.0010188366429229702,-0.0009610457764811741,0.008733283185036623,0.00925799824885163,-0.11487064559846759,0.13437973122692337,0.13531455073022144,0.0032373911874845835
1736298000000,0.003237494662450254,-1.5421207140654183e-06,-0.0010302171169907512,-0.08165030920523703,-0.0828939762722624,-0.08689813270377308,-0.3738066440029799,-0.37484682877840325,-0.0037148721029802256
1736301600000,-0.003714769294763409,-0.000891141530916926,0.001764137059258232,-0.09823975872403415,-0.09712067365743283,-0.20854723273503953,0.15784445036046843,0.15947654649544435,-0.0002993587160492777
1736305200000,-0.0002994618767076042,-0.0031248643007509794,-0.005804384173066467,0.8570573682631106,0.8478415715147514,1.0622588357834435,0.3477262377021172,0.3406046615328789,-0.003643133528368756
1736308800000,-0.003643133528368756,-0.0025140862531010367,-0.001656155165369778,-0.12133559873643282,-0.12309206962112655,-0.10934271545984664,0.1500691597147819,0.14786911796543886,-0.0025940376191916662
1736312400000,-0.002594141219080553,0.00020727569778850217,0.00047325830325765786,-0.3612772221215337,-0.36062332872835673,-0.22574928631726823,-0.3370876096917648,-0.3362503514508395,0.0022560418452136867
1736316000000,0.0022561459488878903,-0.00018871319226268916,-0.008778503550463694,1.650365710988908,1.6324516659951709,0.6742960823643975,1.0548391646229198,1.0403130618445338,-0.012516062210746746
1736319600000,-0.012516062210746746,-0.00849421392794443,-8.965003941880897e-05,-0.29093556355255024,-0.29280937290269415,-0.2884547510749882,-0.1038572005410928,-0.106043615334145,0.003912291540968275
1736323200000,0.003912291540968275,0.0033079192180974133,0.0029165121622127,-0.30826076703070443,-0.3060462437263691,-0.22893291788344117,-0.26220646731471875,-0.2598419064672393,0.0030201629591701854
1736326800000,0.003020267499251791,-0.00035752748264967436,-0.001220158662498395,-0.3317079754191516,-0.3317626186140493,-0.23795631019579774,-0.5049830812727831,-0.5049324647688463,-0.0053485299385622916
1736330400000,-0.00534852938111019,-0.0010208318374661499,0.00021412400955847288,0.16368792391113704,0.16221067530668,0.10855349202197227,0.9832694290402489,0.9803887693176394,0.005534783526254354
1736334000000,0.00553478294628795,0.0005416666666666666,-0.009310985793822838,1.5723603040526504,1.5561334110705929,2.1492342013814407,0.7035883411748088,0.6927676467943878,-0.008608703825782655
1736337600000,-0.008608807137647445,-0.007032024320159937,0.0032616607783942323,-0.42888526929742005,-0.42890389725956984,-0.18629053681263666,-0.3979389983877338,-0.39792709487209316,-0.0025953666645223803
1736341200000,-0.0025953666645223803,0.00317824421430176,0.0003771129049892035,0.21884241002057092,0.22215020363592763,-0.009484227135939194,0.32793983781272723,0.33154513443223527,0.005227109304958606
1736344800000,0.0052272146923515415,0.0019441952623383716,9.274091560625755e-06,0.6681397005444241,0.6677161366888636,0.7338806796333934,0.7489074911228217,0.7485724060421498,-0.0010063532667953245
1736348400000,-0.0010065628400399058,0.002228221123068932,-0.002786944054983172,0.4386103410306806,0.43776064249164964,0.24626707446354806,0.3653663626106561,0.3646632508715022,0.002159348274772548
1736352000000,0.002159453446394132,-0.005454555673374946,-0.000720955465728952,-0.4960972634045214,-0.4977310980262637,-0.44123921804817096,-0.4683824270398084,-0.4702475654556664,-0.007392105265087018
1736355600000,-0.007392105265087018,-0.007401581807383631,-0.021736383046655657,2.427420240210841,2.377477584365172,0.9968048211154779,1.5959431108633926,1.558661317369671,-0.007986781430999434
1736359200000,-0.007986886929730541,0.0027237266704333587,0.01354678711234173,-0.6051880847704315,-0.6018123573333923,-0.38843934080301734,-0.5081241001668931,-0.5039054679766878,0.0022523466242237765
1736362800000,0.0022525595599995115,-0.002594885114376805,0.003198050557634952,-0.3633097808163741,-0.363121161612797,-0.17227890181693128,-0.4075115191239912,-0.407474400968366,1.3581966798233155e-05
1736366400000,1.347585625276626e-05,-0.004802258159801256,-0.003172013640700729,-0.21095930164909904,-0.21424070234829723,-0.3186358521596122,-0.14904954098889855,-0.1524970950161397,-0.0028000754213350003
1736370000000,-0.002778747778768519,0.002033812126604805,-0.001658356396874038,-0.09217146918456823,-0.09095401365620628,-0.08188216164028557,-0.12442703646345979,-0.12308853868761033,0.005202915513939148
1736373600000,0.005181417166966385,0.007346927988498512,0.009197222222222228,-0.2201746483380954,-0.21403062848507992,-0.32493732047088514,-0.08280125048310208,-0.0757870195392222,0.00870084642608035
1736377200000,0.00870084642608035,0.00020935872321189115,0.0046489096118752194,-0.22367366117272822,-0.2222668071866988,-0.2044092448204901,-0.3177565031169957,-0.31651781456438327,-0.00241701912238649
1736380800000,-0.00241701912238649,-0.0016885784569956222,-0.0009581664910431298,-0.043565475240983254,-0.04454991054432433,0.23491585857232658,-0.15069110958060347,-0.15149685910086125,0.0007857092438182579
1736384400000,0.0007857092438182579,0.0024416184971099,0.0016621827426426237,0.08077262588371006,0.08304066058411654,-0.18421162431676888,0.2672012400694473,0.26981292488604136,-0.001592258604324535
1736388000000,-0.001592258604324535,-0.0036905162298422737,-0.016255915497080806,4.39447541362317,4.341201373255235,2.3204684942716858,3.609335540430334,3.5634164802875383,-0.0021775287622671077
1736391600000,-0.002177423481178236,-0.002416281710540514,0.006369316984306454,-0.6733539734471125,-0.6729301445823193,-0.6098845072071323,-0.6512445431962007,-0.650737626635526,-0.007903711649842552
1736395200000,-0.007903710815915217,-0.003301136310294757,-0.002349977286247291,-0.34748539757276625,-0.34913245155196215,-0.1960516444900699,-0.3594177222322347,-0.36100941522215224,0.004215131891704601
1736398800000,0.00421502509201791,0.0008350289677792502,0.005156455447024355,-0.49291754162968177,-0.4913095063258553,-0.4765637278013516,-0.48644541386551365,-0.4848955069582581,0.0005119448141705616
1736402400000,0.0005120507191796436,0.0005497710397662985,-0.0024668900776563083,0.48201309307142576,0.4808343124439522,0.6876149371364233,0.15527346673839987,0.15442590872191445,-0.00399639768491559
1736406000000,-0.003996397261893666,-0.0033757622573905737,-0.009162229485411049,1.4718617197765873,1.4535399318894926,0.9465490976615926,1.6569734974094066,1.637055775997099,-0.009282530650131068
1736409600000,-0.009282635939152553,-0.009525423434043306,-0.004682873183827986,0.48846262091593795,0.4790118392243834,0.42711314471121165,0.6251520628330496,0.6152233733686393,-0.0020458779988627223
1736413200000,-0.0020457707275749306,0.0041409629749067315,0.0023823180592992604,-0.46652477708518697,-0.46403328296240964,-0.37456019917623656,-0.3014940375542881,-0.29840258193901686,0.005221385116574746
1736416800000,0.005221384555321846,-0.0013621181870766704,0.0004903681751806855,-0.05316121650631983,-0.054786012629406224,-0.006675071838620698,-0.3100999915098752,-0.3110833519320106,-0.0005794691895408788
1736420400000,-0.0005795760604291626,0.0023218022635063677,0.00223024827302235,-0.26244711969268125,-0.2606393546986622,0.5742542361961214,-0.19375001997985516,-0.19198966572304532,2.9958561959098545e-05
1736424000000,2.9958561959098545e-05,-0.0019226127336637062,-0.0007374710375010727,0.005073289191405892,0.004238071514383302,-0.02106490955226324,0.023077061668735004,0.022437441325760813,-0.0004631668910459387
1736427600000,-0.0004631668910459387,-0.0022495924894903093,-0.013473529403871544,3.8909420074008665,3.837045598725702,0.5118586246253026,3.037553724149368,2.9921261012233558,-0.01536598362226265
1736431200000,-0.015366090663499374,-0.006270337896966411,-0.0010894436264065309,-0.31987236142756537,-0.32079819608169396,0.05341983153866149,-0.12038066111344344,-0.12134225155857147,0.009538147043878918
1736434800000,0.009538365504208656,0.018172551130247534,0.009495315904139415,0.08354168609063653,0.09921680575551188,-0.05498708471586375,0.20086892390096475,0.21790042123259942,0.01486284214085576
1736438400000,0.014862732855781024,0.0010257090126330102,0.01267356032323574,-0.3762608423932748,-0.3723663867901793,-0.2749939582829857,-0.5066987632922089,-0.5036956846761873,7.353251697023339e-05
1736442000000,7.36386244984279e-05,-0.004132533842388267,-0.016208976074138303,0.20720070418555644,0.1933632805818909,0.48681992337164753,0.1853219296396532,0.17187164338689626,-0.01652863976437369
1736445600000,-0.016528744110404878,-0.011182582638379082,0.0008531816950988798,-0.2528880778943679,-0.2556829416786305,0.024792557851878574,-0.1588655791495902,-0.16184768454040568,0.0035277702949010987
1736449200000,0.0035276624120175195,0.0005625297687644609,-0.005451725616822878,0.15188615036316863,0.14789912495223248,-0.1413142694772946,-0.003253843339899028,-0.006431530719174414,-0.011938493730011759
1736452800000,-0.01193838750979637,-0.00986837450944325,-0.007577148250582307,0.7768228923326103,0.7610053561167286,0.5868901233736379,0.8184659142095028,0.8021181198773619,-6.930723986469033e-05
1736456400000,-6.941604243898928e-05,0.0013677405497723373,0.0063311048776874684,-0.6221971271114165,-0.6201755382215258,-0.3834628784859087,-0.5507449560668524,-0.5484005372381263,0.002237353598709548
1736460000000,0.002237462652283746,0.0024109799101944282,-0.00171157261261548,0.011744652233693548,0.01196784780888876,-0.1778963720334392,-0.1500265932473645,-0.14958671869704618,0.0037724934979097608
1736463600000,0.0037724934979097608,-0.00033746520597827427,0.0044808128874531,-0.2859513279538987,-0.28441098033762,-0.08267191914484606,-0.17775286043437893,-0.1764298883118837,0.001040166859334205
1736467200000,0.001040166859334205,0.0017328846087868463,0.004315553235170846,-0.048520309634365634,-0.04579923101922714,-0.07362764281206714,-0.03566335857733041,-0.03276718297177567,0.002413225187134255
1736470800000,0.002413333233930287,0.00332967151319336,0.0017158609927565547,-0.15556537376858112,-0.15338191286726097,-0.019802404394060134,-0.12669798581763825,-0.12441367268057367,0.003521175340476654
1736474400000,0.003521067174270009,0.006093979378946652,0.004786352959320895,0.4076586043282529,0.41532449466482707,0.004423386250786769,0.46542976031193567,0.4730958997578099,0.002812383596061594
1736478000000,0.002812383596061594,1.0242527036338702e-05,0.002999779649266143,-0.3342497218528806,-0.3331689365451388,-0.31944855436996294,-0.3953707628828566,-0.39431225075960497,0.0035534972874017886
1736481600000,0.0035534972874017886,0.0019313367225081823,0.002008518036903473,-0.10915163935630291,-0.10739600833008528,-0.03734941299843978,-0.07202056774812166,-0.07008662173340931,0.0015108414829939898
1736485200000,0.0015108414829939898,0.0036335233580221792,0.0015278074866310783,0.48896337008804,0.492668861481684,0.22418912366237786,0.42192870931922866,0.4258683211925121,0.0012696390970408523
1736488800000,0.0012696390970408523,0.0007313522419664305,0.0009715637659468493,0.09976093766815801,0.10059011029158753,-0.11478692118199872,0.25641979996499586,0.25700202621139295,0.003150383000363039
1736492400000,0.003150383000363039,0.007220178330983153,0.003586431921111068,0.5558123332589296,0.5652076346169946,0.42245759854851267,0.70163639190308,0.7117413768358072,0.002544220688121544
1736496000000,0.002544114590511432,-0.002461894736842154,0.0033857765493781225,-0.42771754780270566,-0.42756187192870465,-0.29584942084942084,-0.48891189467517393,-0.4887366781539206,0.001983011796792936
1736499600000,0.0019830120066519972,0.0024737743826591992,0.0020503557107062705,-0.046006040920419385,-0.04362614540342099,-0.2886027611867228,-0.05464684606272985,-0.05229981783898567,0.0011942330804570783
1736503200000,0.001194233206590695,0.003082613732236195,0.0018559550899891677,-0.2016539068128012,-0.20074844937396777,-0.13565824788383457,-0.17010846631206242,-0.16912453875595876,0.004458658796612518
1736506800000,0.00445876475991324,-0.0002753600983907667,-0.0016577039702474613,0.18394357643597523,0.18334502608916842,0.25445371126017635,-0.053850189283404355,-0.0541769395268156,-0.0014890396786329196
1736510400000,-0.0014890396786329196,-0.0015734698084839385,0.0010782185166271338,-0.1746088209042918,-0.17456544415826028,-0.06745210044031894,-0.15434036826302727,-0.15437426493720816,-0.0005312706582612246
1736514000000,-0.0005312706582612246,-0.0007491805377908779,-0.020977695517826397,6.575114385046122,6.471072950412541,3.1527100720587358,7.318900591593505,7.200319660753719,-0.015429982328570785
1736517600000,-0.015429982328570785,-0.0038427708688425102,0.007162529384134289,-0.31533559592859256,-0.31213785090404317,0.12058870528269572,-0.28069576239005256,-0.27700668880998697,0.0059685392566668416
1736521200000,0.005968432370218736,-0.0016556690081490132,-0.012571330905902253,0.2997924273513013,0.2895576275529947,0.14879777104997588,0.21008492160464678,0.20025989043009826,-0.004087631353049503
1736524800000,-0.004087419282792828,-0.004877703017223114,0.010534886984602415,-0.45116150461151516,-0.449226059968191,-0.3163673226454309,-0.46993466752968627,-0.46793480782580094,-0.0009161331180788084
1736528400000,-0.0009161330203380607,0.018849719134868607,0.0015097008502063035,0.20708596228759404,0.21959164043042376,-0.217192726798688,0.3327006946824477,0.34860652985403984,0.022937677965893553
1736532000000,0.022937461944068337,-0.0004482657873868526,0.013542929038287957,-0.23940789759887754,-0.23443232268230063,-0.14906505370588446,-0.27397239922905536,-0.2704719787305365,-0.009723356757092582
1736535600000,-0.009723253380412588,-0.004241435494687176,-0.0021993644236468313,-0.40260749893822206,-0.4043501372566332,-0.20567955855166364,-0.40889164059141103,-0.4103945197291575,0.004906515406336118
1736539200000,0.004906620823047421,0.0005808983512801563,0.002248186335515593,-0.11590485187454631,-0.11602808506296601,-0.1730797997307452,-0.1516161475834738,-0.15216268397408503,-0.00687118641863071
1736542800000,-0.006902656296894568,-0.005438896755783386,0.0001871312483599277,-0.5776684666645094,-0.5785296632476918,-0.5816529576385712,-0.5189576861507923,-0.5199052705581212,-0.000620985813658922
1736546400000,-0.0005894217181411003,0.000342277244568002,-0.00018699053271903398,-0.22768708992046813,-0.2278694506148336,-0.1091186570011446,-0.1438878367323601,-0.14415652970118886,0.001632329337346608
1736550000000,0.0016322236439163767,-0.0006395624731321198,0.0007544454503482235,-0.12452296713798258,-0.12402471063839995,-0.2878515346181299,-0.2711901103492068,-0.2705476385733503,-0.00043886260825150877
1736553600000,-0.0004388626545608161,-0.0015642583614425523,-0.0031348846614089533,0.2003608981520059,0.1973730049392934,0.9643186465140521,-0.08175484293526905,-0.08419791063307187,-0.0013240277680567508
1736557200000,-0.0013238167727797167,-0.0005213920068916011,-0.0015501164945344223,-0.06766952093651507,-0.06831168384410972,-0.1098763164339946,0.24154567365182428,0.2408843244869443,-0.0018649969677811819
1736560800000,-0.001865102478100081,-0.002123299193205516,-0.00036491244754786536,-0.09346485353623718,-0.09480827351822974,-0.24072226999140156,-0.07629552089503891,-0.07765154402755405,-2.1180997330053337e-07
1736564400000,-2.1180997330053337e-07,-0.0006990779494136537,-0.0007805266510935949,-0.09505054375140458,-0.09593292953655949,-0.02797910249441324,-0.11021328575226248,-0.11131012012914016,-0.00230120994354848
1736568000000,-0.002301104038539244,-0.001204598038077794,-0.0029196711087620983,0.4861900582765849,0.4828696701690184,0.134073786407767,0.15309989381325265,0.15068404336868016,-0.001524940569671383
1736571600000,-0.0015250465570698045,0.0006890658847287376,0.0019372977563133372,-0.4256511492861169,-0.42448938514436857,-0.22174889735090267,-0.12255278428881451,-0.12088000122568283,0.0032254878603545415
1736575200000,0.0032255941717539705,0.0006440909555177118,0.0021564985713224114,-0.3595274410827033,-0.35856901033447125,-0.20147139060492458,-0.5813531842799696,-0.5806527518519853,-0.0015942065998076475
1736578800000,-0.0015942064308702363,-0.0011491725015610008,-0.0006871426107492629,0.29090866956805644,0.2892029577317064,0.00416574829182279,0.3733608255285661,0.3712551098211177,0.0003195839358921692
1736582400000,0.00031947776318021773,0.0007950529473460814,-0.0012776215697442729,0.16723367369529055,0.1670751478332823,-0.034548607300423625,0.08407967137859797,0.08443760605501097,-0.0018204416594975869
1736586000000,-0.0018203355546038877,-0.00083191802758097,0.00014463281450571226,-0.12899346735648054,-0.1290810151130838,-0.11754007047857223,0.2844938625145988,0.2839168283119322,0.0027069951471590157
1736589600000,0.0027069948594097832,0.002104001068591274,0.0027134934172874992,0.3727950894177548,0.37579586584921404,0.24879556872343167,0.24951447739312826,0.2523549766864784,0.0016899282249605346
1736593200000,0.0016899280458086894,0.002786468005814495,0.0016440083092249815,0.15640590606686294,0.15893604285795684,0.5765596633107773,0.18453984985052097,0.18700937365685907,0.001447683885698204
1736596800000,0.001447683732486251,-0.001439683465857297,0.0007725368598647692,-0.37965267006869,-0.37992917900029693,-0.38839817322917075,-0.507202227873478,-0.5073787084624561,-0.0007993604271146293
1736600400000,-0.0007995717017984708,-0.0005186191566865477,-0.001961111843991957,0.19929991305938632,0.19752182105595634,0.3480251615387907,0.2718410985726147,0.26974855118684926,-0.0015864620215270205
1736604000000,-0.0015863564251719221,0.00034173268512997465,-0.00037501604523855925,0.19335222609838623,0.1939998754451912,0.021538315027617293,0.522945215484614,0.5240982197652886,0.002330402295508287
1736607600000,0.002330402295508287,9.097783099552975e-05,0.0007456478690663442,-0.3355431414410364,-0.33564467851669844,0.022047513245599042,-0.45247462932015,-0.4526050021617906,-0.002216656098076572
1736611200000,-0.002216656098076572,0.0006452393392080623,-0.0006888289240760205,0.5043883497621268,0.5046746949653099,-0.028747339616904833,0.9286298503328219,0.9292383528644979,0.0004012275784433245
1736614800000,0.0004012275784433245,-0.0027450655762145415,-0.0034779036853627423,0.5154637683303643,0.5106376723374887,0.3063594672009266,0.09943385752088024,0.09570438760607239,-0.0031405594646966616
1736618400000,-0.0031406653429067494,-0.0014983884277657991,0.0014518343706491875,-0.5935982658257558,-0.5934797466766624,-0.4739881622774436,-0.500619159254237,-0.5004463318090718,0.0013198937202499707
1736622000000,0.001320000072224002,0.0002203450828796413,-0.0003863112376621645,-0.15826123958679894,-0.15844843992591626,-0.19046968247460253,-0.14574147719444655,-0.1459281803058533,-0.00028140840824562527
1736625600000,-0.0002813023364746084,0.003614114244641573,0.0012355895712626418,0.954099429681249,0.9596568178212675,0.9416713562183455,1.0572731645333164,1.063553762545901,0.003574033366415883
1736629200000,0.003574032987205007,0.004041796035019582,0.003979367923169309,1.8998861786237364,1.9105656036000123,0.4619531351891837,2.22257627420461,2.234187539472022,0.0037494934509939588
1736632800000,0.0037492816070688246,-0.0004833197862115022,-0.00015595964081701705,-0.34882840711356733,-0.34901967337515805,-0.3933290380135798,-0.6731439442299596,-0.6733873212193483,-0.0036544893889620417
1736636400000,-0.0036543844450354257,-0.0026485974422399312,-0.00020452406383177532,-0.5647850408607432,-0.5655131583569517,-0.11515587216521796,-0.28368007264473283,-0.28464155904796795,6.543769253378476e-05
1736640000000,6.543769253378476e-05,-0.0010358470627482082,-0.001264310357994548,0.383539019317088,0.3821615922218053,0.31494201935150307,0.03321110320983223,0.03220716169318949,-0.0015636365289256188
1736643600000,-0.0015635308206692568,-0.0006947318911729829,-0.0013253248999996019,-0.06261114372851315,-0.06372796512422159,-0.19868842329944392,0.05612556281856424,0.05494677995768913,0.0013544435818081382
1736647200000,0.0013543375646147577,0.0008514690748841742,0.001946933831079831,-0.4939619277357674,-0.4932280252725083,-0.4022571543732366,-0.32291517611418497,-0.32201549688706893,0.0004784309579192218
1736650800000,0.0004784309579192218,0.00030632724199852117,-0.000656431194643429,0.38614474634437834,0.38609231410802625,0.05678853088627635,0.41190835680046933,0.4119458193569396,-3.0118810782595774e-05
1736654400000,-3.0118810782595774e-05,-0.0005174289063242484,0.0008625422798229748,-0.37283191114240066,-0.3725850520474192,-0.25070742939577206,-0.4861676762252865,-0.4860093652243742,-0.0003636559630699384
1736658000000,-0.0003636559630699384,-0.00023454833597461266,0.0,-0.3003938228807072,-0.3006013943502208,-0.12381058165796587,-0.42415942011836527,-0.42428033758309863,-0.00017507508088513376
1736661600000,-0.00017507508088513376,-0.0001246990842015022,-0.0015117460317460379,0.7668683082777088,0.7655239550398021,0.485146841326854,0.6939123028774984,0.692545079949956,-0.002005362507471804
1736665200000,-0.002005362507471804,-0.0018451424706180958,-0.0008810144097203948,0.020535850477377344,0.019045641815541896,0.1694645194332214,-0.0297729744259236,-0.031184880148373312,-0.0006137837196966726
1736668800000,-0.0006137837196966726,-0.0005066632839700131,-0.0017503233393805437,0.533670886713179,0.5316597173258556,0.1802345384652815,0.7541044180671059,0.7516760338179674,-0.0016309766829917466
1736672400000,-0.0016309766829917466,-0.0018132591022884661,-0.004227119616614752,1.1168406675080018,1.1110247217623188,0.5163265306122449,0.7826695075967179,0.7775856146072987,-0.0028012102791535607
1736676000000,-0.002801316470073523,-0.0017657158206843774,0.0013373002733183992,-0.19120794510764325,-0.1914246766694981,-0.2668542762755414,0.05431892463309913,0.05421740876693167,0.001160093548648879
1736679600000,0.00116030665064634,0.0031109113247804803,0.0019038431842787924,-0.3003438235073868,-0.2983938981887299,-0.016410769915442814,-0.20373477721418531,-0.2016871287400164,0.0025521415907817668
1736683200000,0.0025520349535081152,0.0026641613488016425,0.0016839837319852717,0.3508404075450573,0.3532089209663741,0.2819976245687461,0.24128664485417703,0.2441279675362583,0.0007755548506127654
1736686800000,0.0007756609456676676,0.0013746300211415813,0.0013756526784398635,0.45450310171273384,0.4576240346987545,0.4438464140233232,0.6248872437327155,0.6274036640437965,0.0035575787516352667
1736690400000,0.0035573663488366594,0.0027916171047749124,0.003825327775788384,-0.2625293746328689,-0.26028998189520475,0.08322214640008962,-0.26874794795190415,-0.2662593771730027,0.0015551882673605594
1736694000000,0.0015552940686811428,0.004796172914871174,0.00012433479038484864,0.5028786588504807,0.5071552056357852,0.311111946894334,0.49248514181654596,0.49653820631877194,0.0027517904040669774
1736697600000,0.0027518958770607156,-0.0033425842403517953,0.0012240754053264382,-0.595659493187996,-0.5964613882392596,-0.4304011703790823,-0.6110633267627799,-0.6117645595484547,-0.000264431446095002
1736701200000,-0.0002645366018207558,0.001477015128078527,0.0020353105760721997,0.18919533118330162,0.191457395997238,-0.19888953239493365,0.4124634549341631,0.41489242349813166,0.0009752042047514543
1736704800000,0.0009753094161233023,0.000446723030461532,-0.00071969743229307,-0.3077490463597426,-0.3078969294375887,0.04244919769287589,-0.49381015679049767,-0.49382655852726726,-0.0015431033078286418
1736708400000,-0.001543103145634968,-0.00270883264725103,-0.003555354207931291,1.2883913582703794,1.2809373705816893,0.11457862204130861,0.25207196355076394,0.24771864532275018,-0.003604279236791447
1736712000000,-0.0036043841286667907,-0.0026924148761680944,0.0003537800435490589,-0.6390166880035024,-0.6393353748647945,-0.08372785066955228,-0.3337347837114881,-0.3342988161152898,0.0003954558603432
1736715600000,0.0003954558603432,-0.000767088607594949,-0.0032670274383799713,0.8316593596936421,0.8271463709263654,0.29549749040448775,0.619826822879114,0.6159284524993857,-0.0035378410857842793
1736719200000,-0.0035378410857842793,-0.0038464104532506434,-0.005332815851898449,1.4718192647700008,1.459229158892702,0.46371229645498363,1.666316509712253,1.6526499883232013,-0.00413120133287117
1736722800000,-0.00413120133287117,0.0021290142356765636,0.0015667377398721366,-0.12841349984659803,-0.1264228423698687,-0.02507570980373839,0.29990404433152457,0.30282912608424917,0.006195529704220465
1736726400000,0.006195636129191864,0.014552923094688782,0.00549629280181073,0.7395082212096136,0.7618832462505447,1.1635470733849715,0.5080103432377188,0.5272532303856188,0.008253947905897943
1736730000000,0.008253841263219605,-0.005628517823639775,-0.004043262506547539,-0.20593448523101,-0.21137385077708096,-0.08339453977065117,-0.2883096789927375,-0.29296358731333677,-0.01161725680125438
1736733600000,-0.01161725680125438,-0.009433962264150943,-0.0019280116852027406,-0.3773318100307051,-0.38134937859957463,-0.3799416942491524,-0.4356841414020298,-0.43940582977330883,-6.155935579638609e-06
1736737200000,-6.155935579638609e-06,-0.0009717460317460502,0.0007726305402161209,-0.031957687007226995,-0.03181186493183489,-0.10627382475371618,0.29226836477217905,0.29242757319652063,0.0005497921138371415
1736740800000,0.0005497921138371415,0.005347630401055339,0.0024498646093848394,-0.16244890617240837,-0.15915691787727104,-0.09858745567633552,-0.2939291902673925,-0.29132788996939046,0.0024834190329124425
1736744400000,0.0024834190329124425,-0.003895671648033995,-0.0016699086098963308,-0.17711766760191294,-0.17979160970385394,-0.1952102276391307,-0.12142789585278464,-0.12421414169167949,-0.003406969531447261
1736748000000,-0.003406969531447261,-0.0022839275303331236,-0.008128516584268533,1.5781398519483452,1.5637436281706585,0.6205390678993179,0.8652855701378139,0.8547353904163577,-0.005776089262664156
1736751600000,-0.005775983084552611,-0.004029054139653058,0.0020175598460565078,-0.3845602996157099,-0.3846991244580507,-0.30438276068803966,-0.1958456471912697,-0.19561406691852795,-0.0005033246875685435
1736755200000,-0.0005034314287734173,-0.0030415988538254955,-0.0060431671609470425,0.6775086925558145,0.6685929673416114,0.4946688465160912,0.4043776096552347,0.39641374412146735,-0.00588886191551597
1736758800000,-0.005888755066767695,-0.0049706629881738846,-0.002801160548456614,0.1825899099638966,0.17946707467730308,0.6677902020580315,0.45044363883768196,0.44694349447788806,-0.0020669804415564233
1736762400000,-0.0020670877010754616,-0.0032933820435837157,-0.013729313174901269,1.6458286694171496,1.618520308229242,0.35994853040769337,1.0323605334406576,1.0102474582766303,-0.012944227797212885
1736766000000,-0.012944227797212885,-0.011982250654705776,-0.005899498720452879,0.21171145082990625,0.2026757017791357,-0.10436940915607579,0.08783581143779798,0.08034527379558662,-0.00866103275073725
1736769600000,-0.008660923633989369,-0.004642170222206075,-0.005869224793775611,-0.08269778770934909,-0.08784235923652112,0.02453485037369995,0.01673108746593082,0.011352791431788587,-0.001312255355514226
1736773200000,-0.0013123652811304362,0.004707170224411604,0.003136655592469604,-0.3149931006489773,-0.31141960579729705,-0.2059856841720413,-0.14278397324393524,-0.138611849673221,0.004402085262090591
1736776800000,0.004402085262090591,0.0056657223796034,-0.014644541308083072,1.387281567418881,1.3745502486780095,0.7881260207348572,1.1907165143974179,1.1809804256550733,0.007698992037981145
1736780400000,0.007698992037981145,0.00866738894907909,0.025917497052601858,-0.5241984387198644,-0.5158087220266204,-0.3361551801140273,-0.49833910924655533,-0.4899578116961205,0.003165745483950613
1736784000000,0.003165745483950613,-0.008710311493018185,-0.003494594299443049,-0.34279944167957577,-0.3469492874201858,-0.14141766167646524,-0.3584594579088314,-0.36257254952440776,-0.008472842236665386
1736787600000,-0.008472733687024179,0.0001184322260479276,0.0,-0.342893488284884,-0.3428200340763047,-0.11825353405220337,-0.2531712980704224,-0.25309440940940536,0.007014862627978977
1736791200000,0.007014752382798896,0.0011418201516793004,0.0037682191780822557,-0.11338614490227594,-0.11163452428291189,0.04935711655164684,-0.16714583821083473,-0.16543821907898051,0.0010185471466980522
1736794800000,0.0010185471466980522,0.0013928841163919812,6.714424603828945e-05,0.03866708499381233,0.04047907946902078,-0.03399302668019623,0.028597955245389096,0.030260066599727607,0.0025470893316673357
1736798400000,0.0025470893316673357,0.013497942920501625,0.003364628820960667,0.4810241748889881,0.4943444183424884,0.07917672006981767,0.5472121409737196,0.5611622504458565,0.013685626317133947
1736802000000,0.013685626317133947,0.007345458329814626,0.016251433495596688,-0.0003018324378249905,0.010095938774964798,-0.09493524979782715,-0.10700364638415585,-0.09778333424839343,0.006603863210820247
1736805600000,0.006603863210820247,0.0027008002371072294,0.008031533425894003,-0.47875243736155326,-0.47596361297759543,-0.4244209317651625,-0.39253794277719023,-0.38922855109238386,0.002192189715021608
1736809200000,0.0021922958794710757,-0.0012082069396154862,0.00013563174441333243,-0.34725315594739764,-0.34764431777202837,-0.3454924769250221,-0.4377135678823355,-0.4379310434314195,0.0014419494580402443
1736812800000,0.0014419493052911906,0.0028252021134583722,0.001926941466537826,0.8170651373877978,0.8203365995326769,0.43047103899030875,1.024524446581673,1.0279942501121746,-0.0006910587595638253
1736816400000,-0.0006912702458352245,0.0016986720067453441,0.0012334357433715453,-0.2714838727200671,-0.26954876527845323,0.1353170226653762,-0.26203971979925833,-0.2599587534928324,0.0038501856182605043
1736820000000,0.003850291878672356,0.0025213283885289362,0.003038028070159949,0.08466619991092962,0.08745264821014193,-0.10494769466637589,0.12235461777085142,0.12499379156039048,0.0005077266184773915
1736823600000,0.0005077266184773915,-0.0017652034827583556,0.0008326159158294798,-0.35156776973008425,-0.3523240164249559,-0.3812037624961238,-0.5028318411011972,-0.5034692215753502,-0.0002239608611268762
1736827200000,-0.00022406625447323364,0.0003859635436353434,1.887618970078811e-05,-0.010346709873946406,-0.009721850769177112,-0.12580687499254276,0.013775758310927515,0.014369380617980983,0.002717543700599065
1736830800000,0.0027175439870741258,0.003314684750243085,0.0003283762301586194,0.23164984362823124,0.23466060236888622,0.12736975718945773,0.2419307464965403,0.2453817814611591,-0.00213532095889379
1736834400000,-0.0021352160521147393,-0.004533298220881874,-0.001138186990513223,-0.22302338679932981,-0.2258814952453003,-0.006331795784452596,-0.014596460364779051,-0.01827123987580028,0.0012206572374248977
1736838000000,0.0012205518811985415,0.001438042830652552,0.0008985427649999273,0.12824907013287584,0.1296774921638309,-0.07147034455870169,-0.1799006468116587,-0.1789950878999129,-0.0017671953240142454
1736841600000,-0.0017671955099721514,0.006841542273396805,0.00022722824977522763,1.6066155264995796,1.6194848495694667,1.3924288151161266,2.8735283598170653,2.8923016672396877,0.006583108449991567
1736845200000,0.006583319972098891,0.016189781433254363,0.0064241966407164635,0.7489235943740962,0.7667669339251479,0.7065656759558376,0.8366632315208056,0.8543165661736047,0.017498861119401837
1736848800000,0.017498649837556356,-0.0018151194914297402,0.011624653776896969,-0.487325020248921,-0.4854646654787549,-0.3490437180422493,-0.6030141922363575,-0.6013412531125032,-0.004758775884257881
1736852400000,-0.004871786505952089,-0.005217489180945466,-0.0025097507944506895,-0.4076637855782549,-0.4093107048989394,-0.427174927300824,-0.44099615317890994,-0.4425122842335597,-0.0015413081760070537
1736856000000,-0.0014278165556183202,0.00013290287282235355,-0.0037819353161798876,0.6585046121934552,0.6542152832705468,0.3041956836516583,0.33280206384434996,0.32955391022518143,-0.005800635621396288
1736859600000,-0.00580053204601563,0.005822337125129308,-0.002330353107106308,0.8570493310194899,0.8626183956880823,1.2514902390991158,1.7555882652598505,1.7646755363743485,0.003625453181647706
1736863200000,0.00362534862427094,2.529224365017507e-05,0.0029326698481121714,-0.16053618252126925,-0.15948753639092855,0.15283937644375695,-0.1582845372470357,-0.15737765751062077,-0.0004401262248795277
1736866800000,-0.0004400224215246576,-0.0029883161014574644,0.0016066899282129415,0.09788260789668732,0.09726391126204163,-0.09955902047550425,0.14233028563330102,0.14144661285882099,0.0018490325421418282
1736870400000,0.0018489285010707729,-0.005188563381710876,-0.008652788685688218,-0.053499146124477745,-0.06118070861578913,0.21992371182410175,-0.15291412973280516,-0.1598217479263634,-0.007527807392119874
1736874000000,-0.007527911049515541,0.0008168201936195864,0.002444317755645066,-0.5266446283238049,-0.5257909619920857,-0.36133896721885234,-0.5308795186347716,-0.5300496864548053,0.008173027161714282
1736877600000,0.008173132458973057,0.004231051825128484,0.007386318519371788,-0.0512717442741911,-0.04516074495748069,-0.12602071553519972,-0.030030843008197486,-0.02384950383936182,0.0025882656175474595
1736881200000,0.0025881620206206282,0.0013366478624928237,0.0018192798173449814,-0.12885549887744438,-0.12709826850062575,-0.1764984345024043,-0.2306115144181897,-0.228833440609906,-0.002479907582110773
1736884800000,-0.0024856942899811794,-0.0017246108373004394,-0.0032521292728642523,0.1876291571814961,0.1840079827302926,0.3587391712133284,0.29866106380512586,0.29432086956972675,-0.00033934893896493717
1736888400000,-0.0003237093088334936,-0.0025066773365107447,0.0016959550945786638,-0.4554024550617743,-0.45562438040174164,-0.6116077889978735,-0.5130241169994557,-0.5131612423015144,-0.00019636280136246865
1736892000000,-0.00020599759724723902,0.0006596110932167329,0.0013976999312051235,-0.44682079749312764,-0.44626735558278424,-0.3345755100090774,-0.4266194359040743,-0.4261261578116344,0.002133157225046709
1736895600000,0.0021330533620904737,0.0003935211146767973,0.0005234836702955442,-0.1741199128694941,-0.17385563454233888,0.07070649052268811,-0.16170155713149528,-0.1613625462060716,-0.0013553357256052023
1736899200000,-0.001355439146873794,0.005708822957465807,-5.0776944241965885e-06,2.893812134930758,2.908348532303969,1.0689072474652648,3.45162327876044,3.468340417661694,0.00340199952651623
1736902800000,0.0034021034404729737,0.0022819711233203516,0.002998756476683986,0.003206548877679413,0.005297393910349513,0.08264296734212334,0.03323222442395841,0.03534630051652592,0.004750366810142979
1736906400000,0.0047502635996357085,-0.0009208173922652542,-0.00044085415156082467,-0.3540206735131468,-0.3549765480159492,-0.32159386881417834,-0.4472311929831903,-0.44794784505916535,-0.005398685685675996
1736910000000,-0.0053985835176946564,-0.0014446241104481095,4.920063948422392e-05,-0.009023087591077303,-0.009347898879205754,-0.30217821083103863,-0.17087593297185505,-0.17115028353452708,0.0050923293239304125
1736913600000,0.0050923293239304125,0.00411984710862692,0.0033201562725609845,0.7551796425550433,0.7617955434010187,0.43733083752814106,0.8841668451143943,0.8919328079535841,-0.0013092249339066852
1736917200000,-0.0013092249339066852,-0.004939065720774025,-0.003324312602822391,-0.28092583671368515,-0.2841793129768728,-0.33993875611558905,-0.5167397689307524,-0.519171280175238,-0.001643589635157932
1736920800000,-0.001643589635157932,-0.0009701540348339854,0.001049095607235142,-0.4352646396384574,-0.4350203015161958,-0.24657388151229137,-0.04983523016742147,-0.04945448826524751,0.0007782131644480026
1736924400000,0.0007782131644480026,0.004656402940051752,0.0026222619164390968,0.45862632599433867,0.4643936480694298,0.8133625875858164,0.4702236383375176,0.47612132697329196,0.0020170849266180437
1736928000000,0.0020170849266180437,-0.0007818622707243212,0.0004944108709838361,0.1648226353548459,0.16456121812745964,0.12805901409000428,-0.2125806094269878,-0.21273999034829144,-0.001018382581536752
1736931600000,-0.0010182798080396803,-0.001618986095730276,-0.003982461564938167,-0.001498409588225228,-0.0045463938505714285,0.06766832745138744,0.3518009828556997,0.34804937988341983,-0.003968940639857485
1736935200000,-0.003969043109795717,-0.002360472242343889,-0.000466896780572129,-0.37171451200370564,-0.37232501322501094,-0.3896346946877203,-0.3511423012644565,-0.35198709710475046,0.0012097115294535665
1736938800000,0.0012097115294535665,-0.0019962675119945244,-0.002071827131516611,0.2777205230207691,0.2741767625232141,0.23952056067323263,0.26163387473132294,0.2581120101984114,-0.0017683240659920208
1736942400000,-0.0017682209025787056,0.00259927625041569,0.00019446545311387235,0.04070668402237323,0.042101006184403815,0.1341143462942934,0.20689025153766838,0.20893660936407962,0.0018679818912719825
1736946000000,0.0018677750059191086,0.019332811012162675,0.0032381473459072935,6.482506946869144,6.600555225615146,2.3702682542230447,8.016567722377225,8.155186431404983,0.020848039150456944
1736949600000,0.02084804130100483,0.004295906297341804,0.018188608271681093,-0.3444811027651632,-0.3396965204407844,-0.030215585470743975,-0.41922181723834717,-0.414839373217899,0.004753344650580044
1736953200000,0.004757387005111633,0.0030249550246735737,0.0035564933535292623,-0.08679106424040707,-0.08327620833786145,-0.053450816120179115,-0.16812010051772214,-0.16481519113496912,-0.004445040705727577
1736956800000,-0.0044489454396248055,-0.003210922487158786,-0.0007652222696354131,-0.514969782331848,-0.5163097425601005,-0.3878674675261256,-0.5302966751900263,-0.531750774762387,3.1921636020247734e-05
1736960400000,3.1921636020247734e-05,-0.0014437140987698207,-0.0029015366525167213,-0.2251010289416345,-0.2260087511293831,-0.32639955325980735,-0.39939037298185764,-0.3999909248096974,-0.003534804281160912
1736964000000,-0.003534804281160912,0.0014894915645308111,0.0004421814759428558,-0.26584668654114163,-0.2653304264196344,-0.2801702442635085,0.04674400986933727,0.04748990956842171,0.008114802832157377
1736967600000,0.008114904205101796,0.0050875584152486695,0.006607083029003401,1.1695535325048267,1.1796061122347086,0.4378142705837592,1.3048002148499434,1.3153141456574617,0.004009808726613167
1736971200000,0.00400980832339924,0.006920092009200943,0.001645460843339211,0.41825773343918743,0.4249696790984437,0.7738832549025217,0.26442660805484647,0.2706458159981927,-0.0027893262450060046
1736974800000,-0.0027900270529565,-0.008000839077991624,0.00015443270112446895,-0.6716654938143671,-0.672823767315617,-0.613598887253815,-0.6977311677023869,-0.6988542984106544,0.0010605987562069717
1736978400000,0.0010611015730819144,-0.0003816717462783535,0.000883025641520506,-0.33943113650989526,-0.33952095646135383,-0.4276875241285045,-0.3616777376839136,-0.36187685710997647,0.00041596436311106834
1736982000000,0.0004159644048442481,0.006728581461940291,0.0006903097505121924,1.0059119686587186,1.0131626957300979,1.0195073927549179,1.4436477685029028,1.4530929220580402,0.00786142613043414
1736985600000,0.00786152720620948,0.003548003408614368,0.0002614602651157196,0.9061431654615001,0.9084317914195689,1.5597714223811072,0.6367036961772277,0.6387582203102294,-0.006249816537451098
1736989200000,-0.006249816537451098,-0.006609319670146741,0.0015666457084865444,-0.5201823226788717,-0.5208883310455966,-0.47701471692922964,-0.4693265131660762,-0.47019806396814345,0.002133689585764539
1736992800000,0.002133689585764539,-0.0008782435129740519,-0.0034406683330176577,-0.11036371423623613,-0.11262031008887549,-0.21769739637069854,-0.4008251508154865,-0.4024270527433849,-0.004442141896148539
1736996400000,-0.004442041978430832,-0.0026370465079111395,-0.0030308184818401813,-0.005438668797378047,-0.008140467908904912,0.004223773812602362,0.1189115680645339,0.1162134867114919,-0.0016032072977948547
1737000000000,-0.0016032071368913,-0.0014952728146783402,0.0031060804678834206,-0.4659538018713061,-0.46531544331306796,-0.5872446351931331,-0.44491681824982326,-0.44439895774691773,0.001326624582332412
1737003600000,0.001326523924275211,-0.0008496600256572238,-0.0012344434243420673,-0.12649986310956243,-0.12767245058644622,-0.09087884207461631,-0.2750831485080186,-0.2760193266927988,-0.0022878225077803374
1737007200000,-0.0022878225077803374,0.0030906301414088053,-0.00033254414488289745,0.729582589327955,0.7332843592138398,0.4486458047396834,2.2609110472551874,2.2681336331413,0.004217258015552249
1737010800000,0.004217157393820684,-0.0007191619531501974,0.003303793442331461,-0.42354132922085447,-0.4232760019344656,-0.22267839378483792,-0.55506325105889,-0.554901166205096,-1.2424696569277622e-05
1737014400000,-1.2224299462483165e-05,-0.00030045067601402103,-0.010364039938452776,2.6301877142936783,2.6074941457978023,1.638348873585634,1.9325225080380253,1.9159702412598547,-0.008458818482847566
1737018000000,-0.008458817635270564,-0.005059106391504709,0.00032306622908397727,-0.14315669140014953,-0.14484400185821597,-0.2276136066154391,0.14135024349153805,0.13865192108995836,0.001992101524114707
1737021600000,0.0019920002675941446,0.000913658561143888,0.004791310966786355,-0.6341860510856037,-0.632859104001405,-0.44478448103991386,-0.6156192632327071,-0.614278069272163,0.0006184386079161452
1737025200000,0.000618539462222667,-0.0007293341410667029,-0.0042581838736822355,1.275342862646,1.2693655790402876,1.3558360414384976,0.9931149192983377,0.9877065605691431,-0.0005597986176380268
1737028800000,-0.0005600001451404029,0.0018592970490038155,0.0018942251159295136,-0.1761499903807021,-0.17388748952364824,0.1116276588447791,-0.08279363989116807,-0.08020005147380434,0.0023536006065426837
1737032400000,0.002353701692337631,-0.0005627126689632713,-0.001103077807536806,0.7259936928291537,0.7226414232234625,0.750486768133827,0.5782450061539232,0.5750569440090701,-0.003099341205120075
1737036000000,-0.003099240593491832,-0.00037170000622335216,-0.013040673989021935,1.035882415063609,1.0190416109512068,0.43580363926901294,0.8807713390777953,0.8656827153837561,-0.014786942478324403
1737039600000,-0.01478714283479529,-0.0012668850960564268,-0.0015859104763229503,-0.1465844884428876,-0.14789342482381676,0.05437018205227524,0.020471175790623665,0.018956943325047246,0.017181920425442237
1737043200000,0.017182024624744656,0.005784247575504238,0.017916655579542536,-0.20772591742111288,-0.19667250670440753,-0.17089747238248001,-0.28142410852821137,-0.2714426238354828,0.0005057596884149828
1737046800000,0.0005057596884149828,0.0048878895345175425,0.0010017253899790117,-0.32542046516162565,-0.3231443369570386,-0.2323596683651977,-0.29447778639336325,-0.2923837527992679,0.004953879048851138
1737050400000,0.004953979706761398,-0.002896926452104967,0.0008283061919794368,-0.34070772714591174,-0.34213689768454053,-0.3641182400572339,-0.416150074919624,-0.4173819036968833,-0.0025471125679520992
1737054000000,-0.0025473126362512977,0.0037765262194366213,0.0014864933616561573,0.1117041093463949,0.1160873256507868,-0.1708154341822645,0.18965017927043615,0.19496503245020688,0.00836437572852885
1737057600000,0.008364476985964557,0.0019240663295660122,0.00853905118300344,0.49098067106887516,0.4980158860117312,0.44562912937221977,0.3989944990860092,0.4051522333178089,-0.0007290583684865925
1737061200000,-0.0007289587839533177,-0.002411120845285387,-0.0053786848479679935,-0.42831984158204334,-0.4307288568278669,-0.3943758866004672,-0.5162701019013681,-0.5183329349439727,-0.0018636890958791783
1737064800000,-0.0018637885673284309,-0.0024138607299471603,-0.0034156457836932077,-0.36934002876598065,-0.3713990214535951,-0.29045551808247405,-0.36982967493174634,-0.37214522307379216,-0.0031823044185237607
1737068400000,-0.0031823044185237607,-0.00041045566669442894,0.0037131328174527306,0.21399365659832958,0.21680224645057777,0.0964034848221599,0.6618827216447306,0.6664313484036533,0.0014929147896723242
1737072000000,0.0014929147896723242,0.0031872069832685973,0.0020529144025826004,0.11151845138335573,0.11400784580754149,0.08036583433318996,0.04223207017014862,0.04454332689660092,0.00133296928709945
1737075600000,0.00133296928709945,0.01392264207602604,0.0009927887499015357,3.2659418705021532,3.3077677741173197,1.6919619470695473,4.038483126165421,4.085812874128697,0.015373662437832473
1737079200000,0.015373662437832473,0.0030918183132273244,0.007301749125437218,-0.2747343659609271,-0.27103269261987206,-0.01967797553485874,-0.3154110222221058,-0.31133806298113137,-0.005506601429473626
1737082800000,-0.005506601429473626,-0.008579599058739493,0.0016196579220552946,-0.6652696452688746,-0.6672200962463845,-0.6386825524751768,-0.7007758649082131,-0.7026423170543271,-0.0004774480712166575
1737086400000,-0.0004774480712166575,0.002162893616718678,8.252118976735014e-05,-0.09764607015515778,-0.09690436662388537,-0.15532529749804963,0.07622566584729952,0.07724370701208462,0.004250892092594533
1737090000000,0.004250793133378349,0.002869620274866399,0.0034600567992145617,0.32153829134303624,0.3265031264893155,0.15666098630208267,0.012170881796565437,0.016164603146560635,-0.0014509078471508462
1737093600000,-0.0014507109094406491,-0.0019164485043625353,1.1845838260987919e-05,-0.5431102777785505,-0.5435791005863849,-0.4142449053038823,-0.593534881702496,-0.5940736482471145,0.000739534243425604
1737097200000,0.0007395341704457744,0.0030764775321556904,0.0009713472309693351,1.88321489869881,1.8871639332457084,0.7805809957183726,2.649849677161488,2.654520745286656,0.00031072195867442085
1737100800000,0.00031072192803394924,0.003146728212280495,0.0003823433693948193,0.6465231438374511,0.6515988069029551,0.48468804589273007,0.9579596402274212,0.9642780411193695,0.0068563345015057574
1737104400000,0.006856136665716737,0.000663861348653999,0.002991134542201725,-0.40084234816703,-0.4000506415369255,-0.13026647395905205,-0.48410437348344043,-0.48342738306831584,-0.0026900404666287633
1737108000000,-0.0026899428213363087,0.00286886047239165,0.0005007706166869457,0.31631469095611153,0.3190217557223103,0.18684603886397608,0.45005412998233296,0.45300240280517157,0.0045185971585272365
1737111600000,0.004518695331277061,-0.001344785046419183,0.0028341513568462783,-0.555438923228594,-0.5553443439983905,-0.4240462688037375,-0.6715798440679072,-0.6715058890244702,-0.0008202574766033406
1737115200000,-0.00082035512757126,0.0050384846281121155,0.0011094932497826737,0.9852890854474494,0.9924551332369853,0.5665298443646314,1.556930444935065,1.5658081041282823,0.004969698036730092
1737118800000,0.004969600225357277,0.00019755309992279023,0.0022168208313641047,-0.2022440347502524,-0.20187895692580077,0.02863537466954684,-0.32232593453287406,-0.3219858901795877,-0.0026429332461537112
1737122400000,-0.0026428361756912176,0.004034472713148196,-0.0013965688186524888,1.6281203488316887,1.6318855116843913,1.479026572154202,2.05978834641873,2.0653913801310444,0.008829642288288515
1737126000000,0.008832374684969266,0.008305199444424413,0.009839517064089342,0.3853350430027627,0.3995055981016157,0.2080453583530074,0.36604394958951797,0.37949831680748897,0.0060075092656677485
1737129600000,0.0060047845200627255,0.007153765234759367,0.005377215975208201,-0.22437211391022713,-0.21941661645174684,-0.30521028995559785,-0.20418349617007214,-0.19918328274534333,0.009353942307692285
1737133200000,0.009353942307692285,0.0025641904761905263,0.0017749220492295275,-0.14494685527075735,-0.14362623145152417,-0.0677002113240545,-0.3509996925139047,-0.3496592303386926,-0.008072090286998998
1737136800000,-0.008072090286998998,-0.0030705075860717763,0.00013035266644740315,-0.5036013957708197,-0.5042699699839143,-0.34695305202849785,-0.4139671101034077,-0.4150903099650266,0.006820810203383367
1737140400000,0.006820810203383367,0.00875888468746936,0.006201133132222983,0.7692095804764041,0.7836555106266301,0.31181740384557843,0.9605447823265633,0.9768613711491922,0.009531583140396477
1737144000000,0.009531583140396477,-0.00017191670692222704,-0.001385404732958422,-0.029034779338655774,-0.03081684107867847,0.012221380801620394,-0.17653522151815568,-0.17817659328736163,-0.010792561586236189
1737147600000,-0.010792561586236189,-0.007614479840811778,-0.0007380964725377504,-0.36294763153430204,-0.3658880409560275,-0.4468621132568673,-0.4206340150514011,-0.4232206114547062,-0.0008425611336797299
1737151200000,-0.0008425611336797299,-0.003299947972721185,-0.0024699886140436885,-0.4141984468888315,-0.4156224509486075,-0.2649002305818321,-0.38919274090175987,-0.3907031041347997,-0.0018555608846236506
1737154800000,-0.001855465286432839,-0.0016056252090607243,-0.0013315227822348471,-0.34376622411993996,-0.3448472656642842,-0.2689396038616287,-0.4265198314077161,-0.4273732579203894,-0.003188475782917806
1737158400000,-0.003188667029338007,0.00124896772410995,9.695839869693781e-05,0.16108258872093992,0.1613287427500165,0.3121275982837303,0.6486111759860114,0.648811696144981,0.005566910344101331
1737162000000,0.0055670069612567845,0.0,6.581770475124868e-05,0.3047389409429527,0.305234971514965,0.1017054908485857,-0.1399665660533437,-0.13956585516150904,-0.0037143285481401837
1737165600000,-0.0037143285481401837,-0.0014988982567508025,0.0017081692842934376,-0.4808890078926986,-0.48082091408886357,-0.4038554317957754,-0.49421040520266046,-0.49421358883385097,0.0005739049339519868
1737169200000,0.0005740008405252633,-0.00019799043062203184,-0.012082584324301577,2.7304464499308327,2.7063377324199784,2.180207600281492,3.1301132306801143,3.1039166628535497,-0.007362933701965561
1737172800000,-0.007363028847771324,-0.007207934279045313,-0.0032397979616554046,-0.09168725262003892,-0.09584936219030558,-0.13251052483085587,0.13507058474176875,0.12957010331683927,0.00038093924844594254
1737176400000,0.00038093924844594254,0.00043364151960415876,0.0014751640139850524,-0.05995964677992314,-0.05851825227910747,0.02902876092085964,-0.18916377856719532,-0.18749181486397246,-0.007432484804188292
1737180000000,-0.007432484804188292,-0.0012941932545645646,4.045984166199977e-05,-0.18039925267293078,-0.18125785240099493,-0.15473283672735835,0.028677363837147536,0.02714153929730785,0.005943054929787942
1737183600000,0.005943054929787942,-0.0014281591375120053,-0.002136504426672301,-0.14687867882477712,-0.14944733083937975,-0.1688564013079754,-0.2983411851161294,-0.3002414439078236,-0.005980642571049852
1737187200000,-0.005980642571049852,-0.0013933861505919679,-0.0031668825159001327,0.5522630057656798,0.5488776313835632,0.6284325573599852,0.7919545430284631,0.7883650314577964,0.0043789373357290655
1737190800000,0.004378840080041482,0.0010759139075347099,0.007641559658008993,-0.5025747894020566,-0.5000950311150075,-0.411058265259691,-0.5745650571172088,-0.5726067870762281,-0.0010913897280967388
1737194400000,-0.0010912930021006822,-0.0015614384062617758,-0.0022332814634242765,0.2165586163164628,0.21417926304761783,0.2999696470783013,0.43090901165422485,0.42818400079577423,0.00024573647220726145
1737198000000,0.00024573647220726145,0.005698859618168747,0.0010022469353231525,0.07080468607014338,0.0749209239357475,-0.04536063509134391,0.13035270572041308,0.13467956165922693,0.003921610813392325
1737201600000,0.003921610813392325,0.0014657834808599027,0.004275346415561175,-0.12114363645028459,-0.11929279850420141,-0.07748864166969309,-0.16006376841282968,-0.15805529974165192,-0.0012737803299935457
1737205200000,-0.0012737803299935457,0.0034665163586813956,-0.0025580408172110646,0.3662031594277427,0.3677672378666643,0.16483754860687083,0.5522606407777002,0.5543237771780445,0.008781107266048027
1737208800000,0.008781107266048027,0.0015956562287108705,0.005958335778189163,0.15750814536882476,0.16129167625634494,0.19706176501017347,-0.047270283909765926,-0.04456418857288378,-0.0035718594049142993
1737212400000,-0.003571955221733953,0.004077752540346727,0.0003764871483388568,0.2171609192149547,0.22023239999934474,0.38840489524994815,0.2741700081232167,0.277679925792424,0.005538159624736461
1737216000000,0.005538256317587491,-0.0025677957513215786,-0.005830993421905415,0.18848153961473754,0.18344214399059744,0.3797299204037084,-0.006708334105479597,-0.010995385211700816,-0.012578302394898093
1737219600000,-0.012578398025570993,-0.004882768017239159,0.000946430465231114,-0.5863942752762381,-0.5868604757349164,-0.44532706907130915,-0.480725612923365,-0.4814823930703226,0.005544597644286895
1737223200000,0.005544695030151567,0.0018036048490340719,0.005095316243057757,0.06715725941960406,0.06964509881096317,-0.24457868565324195,0.034354709997057774,0.03687171310561056,0.002490509135655231
1737226800000,0.002490509135655231,0.0008717773644793279,0.002899891077027078,-0.3227103264943764,-0.3213652598969972,-0.18034140178597066,-0.38359078701613797,-0.3824258143950385,0.0028560382626693355
1737230400000,0.0028559421871063397,1.0240515249198967e-05,-0.0030290915578881435,0.3363936968593307,0.3333918473448283,0.05185444673118186,0.3254008682933525,0.3229170144976479,-0.0033203997508765783
1737234000000,-0.0033203042670192345,-0.0020256871602481004,0.0010931385247341795,-0.2198340371693715,-0.21970161387256784,-0.1955938920620119,-0.2723610411440002,-0.2724035762832518,-0.001404617773446819
1737237600000,-0.0014077897700609258,0.00029402643015667305,-0.00017289367895503534,-0.31145579172965415,-0.3112425555334914,-0.36918045003829675,-0.14385133653096951,-0.14345734238281818,0.0038696000328812463
1737241200000,0.0038727887929573697,0.004247078336065652,0.00414390746239369,0.7562173878889465,0.7634034942919378,0.8728874741574508,0.6862714183177282,0.6927691923248183,0.0025402885955011878
1737244800000,0.0025402885955011878,-0.001849832935560898,-0.0017575770941584093,-0.13975131290464884,-0.14143134149890454,-0.23330851110429718,-0.2915500680057689,-0.29284815394373187,-0.00428697553459986
1737248400000,-0.004286879892283809,0.0012241260037781129,-0.000907615168863154,-0.15809121745760799,-0.15761440956741815,0.003953653129784949,0.0946299434420967,0.09517718186446023,0.003638817381949531
1737252000000,0.0036387209783378532,0.0073968168268340895,0.004550562710555648,1.3911564655905386,1.4060927305153779,0.5869906669701799,1.3398422398262722,1.3544425974206702,0.0037433425820268896
1737255600000,0.003743438287868427,-0.0026080388930059075,0.0007002796428985189,-0.342869177824039,-0.34393241486965626,-0.25980219890556755,-0.383910744227363,-0.3849683612510491,0.0010111752745761678
1737259200000,0.001011079829252927,0.0008001254188988702,0.0011140015302218433,0.4110996850841147,0.4128787093632309,0.5907390899930238,0.4382139789177432,0.44008004718162347,0.00045740298927431024
1737262800000,0.0004574982418751088,-0.0012916596330098421,-0.004636093991697023,0.017682289599667285,0.014629590726019959,-0.16570530585892054,-0.07548817918056798,-0.07811297199295136,0.0008044212798705809
1737266400000,0.0008042307851966045,0.004785236042031107,0.008050680676552381,0.006714821058887858,0.012890082910666864,-0.29478287533218467,0.34562656242565987,0.35390057001185776,0.004297802096188016
1737270000000,0.004297897637583276,-0.0003800831506440793,-0.0006640007616871868,-0.008817217012597078,-0.009677156758549679,0.3384750763497075,-0.36830596047742875,-0.36882705000574095,-0.0038000994427398443
1737273600000,-0.0038001941681540265,-0.0040485960318248125,-0.006239504360983807,0.33731776536844804,0.3300579187423149,0.46370175574290357,0.5957370087001381,0.586937275581973,-0.007025770031545887
1737277200000,-0.007025770699603751,0.003127498404444312,-0.008193922153185592,1.019981943957713,1.0143292539394768,1.0047452468268143,1.106118076358085,1.1016773011576675,0.008346114039650505
1737280800000,0.008346210598417706,-0.0018599752047541616,0.009226038028359234,-0.5673666136582806,-0.5653079131801585,-0.509286154851838,-0.5946352804125471,-0.5930806260817593,-0.004519951175600384
1737284400000,-0.004519951175600384,0.0004766390366706486,-0.0018731838176917837,0.185539097000968,0.18471018345976242,0.12792209187400627,0.08045927045961941,0.08044320327653327,-0.004394323964028845
1737288000000,-0.004394228565900887,-0.002939724727100115,0.0008750636697823341,-0.17069102697105504,-0.17176085949386535,0.027402218274812724,-0.07007765633897298,-0.07174512882640002,0.005493409891587274
1737291600000,0.005493313546033913,0.0026805902115663457,0.0052715824191101384,-0.1657455091536539,-0.16220508834545122,-0.266106416609112,-0.20379332891108384,-0.2004032148866996,0.0002684479591190333
1737295200000,0.0002685432548091215,0.0036517581771003554,-0.0005815895343640057,0.7343531659980124,0.7347804149100369,0.6917538274973473,0.9365832131375131,0.9369965098353966,0.0018605300772039821
1737298800000,0.001860339359739197,-0.004342969324113354,-0.002763537602968339,-0.24119843911781463,-0.24328467569776913,-0.38362603228648656,-0.348299796861534,-0.3500109524732097,-0.0021267592240395033
1737302400000,-0.002126664333079524,-0.00018176220980271348,0.0021595213244477037,-0.43702178456349666,-0.43636449139865535,-0.43358147028716454,-0.29746827176376756,-0.2967315755538821,0.0002550117285382497
1737306000000,0.0002550117285382497,-0.0007588265016616334,-0.0019638927147572426,0.059220389672900366,0.05710021852321036,0.08913103920268622,0.06115706427295772,0.05916146234580289,0.001454701561339049
1737309600000,0.001454701561339049,0.000966063018350649,0.003657290120810449,-0.3283712930183292,-0.3261498579748319,-0.2201592553682412,-0.3510221543107745,-0.3490157316645903,-0.0006935208598517895
1737313200000,-0.0006935208598517895,0.00903315914489316,0.0006233420878308869,1.0214238909936748,1.0307359140783745,0.5620325837886838,1.5301718471738595,1.5428597206880996,0.011015499381681254
1737316800000,0.011015499381681254,0.002087461914107075,0.004938092361018589,0.33179324044971226,0.3380615150346487,0.6515886705463221,-0.00969518489295751,-0.005330577187632074,0.0007108286252354543
1737320400000,0.0007108286252354543,-0.0005083514819196599,-0.01708084485144942,1.2058463884278412,1.1762474033608936,1.1483851131738456,1.0594639028901525,1.0316226398660675,-0.02438050391487259
1737324000000,-0.024380598009945773,-0.017564720626900898,-0.024878426522225515,0.40716405850328413,0.38566174872068054,0.3949165979505562,0.3631941973985638,0.3432879965455764,-0.002608298795846342
1737327600000,-0.0026082026009111785,-0.010392344497607656,-0.014372327461302252,0.4951056697013988,0.46498656339966715,0.460816915445571,0.6668932140519733,0.632821326210253,-0.02013682866923234
1737331200000,-0.02013682866923234,-0.01678969965381857,-0.0010195521195846913,-0.24140385925821678,-0.24437140510679817,-0.19141886965769567,-0.26618659488592056,-0.2693724326823196,-0.015168619217091102
1737334800000,-0.015168619217091102,-0.006665374348025749,0.0008022099447513871,-0.41295125941185956,-0.4151531274542599,-0.2731274678490283,-0.37806887961012303,-0.3802253903286476,0.009001597382461342
1737338400000,0.009001597382461342,0.01308346664192732,0.009737442168442266,-0.19425988582128906,-0.18368753157596404,-0.21935772664594164,-0.24631440972943539,-0.23659547224512475,0.012251121778096901
1737342000000,0.012252512145354461,-0.0010783665824809362,0.00806361829025842,-0.2166196859679859,-0.21503413825854306,-0.19779333334953142,-0.26558079231205106,-0.2639552130641465,-0.00033838135392183147
1737345600000,-0.0003396563172542598,0.0057644435417373765,0.0012235334953141443,-0.3626855065915082,-0.3606742675270423,-0.2035830569563703,-0.2736236604500153,-0.2708866208164066,0.003340892649692704
1737349200000,0.003340794178617015,0.00024766471916845984,0.005837478362200867,-0.09091085496122447,-0.08670795938146764,-0.05807590064993592,-0.11226025927552258,-0.1086928089929765,0.0010941743092254426
1737352800000,0.0010941743092254426,0.06576437628986445,0.0009087616431107444,7.039150714013784,7.381104361691656,2.4281042321078172,8.779388749278315,9.186854667514979,0.05024515312054814
1737356400000,0.050204701390015295,-0.0008030988794393069,0.04600042261457548,-0.11886446396164281,-0.10594869752780482,-0.011019166943441381,-0.2797186712992276,-0.26849348508502763,-0.0034036832532458104
1737360000000,-0.003365296407708264,-0.010210685863989639,0.0015930155345435665,-0.716406989306311,-0.7177572285765981,-0.6637303354729609,-0.6924913244035834,-0.6940478158109302,0.011196347296249609
1737363600000,0.011196253943567425,0.007485658124528498,0.0042455491859296765,0.3209966996796548,0.32673083996903707,0.23982448498241662,0.2506407923019159,0.2562750313962312,-0.0017352287910607823
1737367200000,-0.0017351366322008593,-0.004224712466148292,0.002056570089634331,-0.4732248405439933,-0.47372955773832875,-0.2726371655126711,-0.4985517599609195,-0.4990657663045893,-0.001548939467993118
1737370800000,-0.001548939467993118,-0.001673105744844736,0.0001051320980636741,-0.0998155097605275,-0.10043975089288285,-0.03251243908090213,-0.08651966430453052,-0.08704683092371075,0.002543705082482665
1737374400000,0.002543705082482665,0.0013819438046982475,-0.02140980776580105,2.1348253794819447,2.092481203512465,1.577986864857405,2.011061744804865,1.969994153067417,-0.01220999528913701
1737378000000,-0.012198539179755507,-0.005289879918134274,0.011170257397749883,-0.506355377975921,-0.5030758927429849,-0.2866427970865257,-0.42366442397529436,-0.4198599728533739,0.009715146029759942
1737381600000,0.009703435774596448,4.6982658959553724e-05,0.005871200027829042,-0.15730465413448408,-0.15510026898527468,-0.2901740585256894,-0.16072533621351803,-0.15834110163005044,-0.0008305211617551906
1737385200000,-0.0008305211617551906,-0.0012954767073140216,-0.02607523233251252,1.1959069540157876,1.164892491286601,0.8203595793506179,0.8677578804769285,0.8413043533150099,-0.026965331731355235
1737388800000,-0.026965331731355235,-0.008704509676821928,-0.007388973966309342,0.17190000286618054,0.16311788617599232,0.11344768919620651,0.4124399717846227,0.4021799122257311,0.016315003745784377
1737392400000,0.01631490846956949,-0.002540401681457236,-0.032543294634936555,1.8737921008812544,1.8194343132039195,1.3667531399624755,1.4594922494474547,1.4132089597084905,-0.034752477679370765
1737396000000,-0.03475248093730244,-0.021623357984155066,0.023972471669341053,-0.750024446582084,-0.7493016300193245,-0.6352760215253102,-0.7473018708568205,-0.746661868445739,0.009394996198646241
1737399600000,0.009395094233081724,-0.004831282727963243,-4.341129879297951e-05,-0.4411678225020508,-0.4429728426959641,-0.2596081219176256,-0.47328527511487556,-0.4750064273739649,-0.002299898797910057
1737403200000,-0.0022998025799124537,0.0035259174700424654,0.006017787529845307,-0.4725954782429386,-0.4702166913091348,-0.3497359577532405,-0.4623146859681235,-0.4599689154911579,-0.00042886778807509497
1737406800000,-0.0004289641865052566,-0.0024058046026588452,-0.0076342015635884625,0.12555302605364366,0.12066521381826303,-0.13917312661498707,-0.039203805513024305,-0.043302238363305254,-0.01014171541217341
1737410400000,-0.01014171541217341,-0.0025367025365104156,-0.0069892658160610474,0.24573320277846186,0.23888545348863258,0.1357172874552955,0.6051592857892795,0.5975597593824247,0.009863932317049398
1737414000000,0.00986383484736252,-0.0008424521928126272,-0.001425090688258706,0.17718954546262916,0.17552049668890773,0.2565065868218254,0.09222053127274142,0.0898913399323517,-0.013010481816076029
1737417600000,-0.013010483071817194,-0.010185434054202297,-0.0060460559831215,0.5502287835857791,0.5394147331179846,0.46692429278025854,0.5737732866793762,0.5630336681626509,-0.010485623852373912
